primarykey,ID,date,week,BS_week,BS_Big_5_reversed,BS_Big_5_trusting,BS_Big_5_lazy,BS_Big_5_relaxed,BS_Big_5_few_artistic_creative_interest,BS_Big_5_outgoing,BS_Big_5_find_fault_with_others,BS_Big_5_job,BS_Big_5_nervous,BS_Big_5_imaginagion,BS_Cognitive_Well_Being,BS_Affective_Well_Being,BS_Affective_Well_Being_Negative,BS_Anger_and_Anxiety,BS_Negative_Affectivity,BS_Personal_Innovativeness,BS_Use_Habit_SP,BS_Addiction_Scale_SP,BS_Controllability_SP,BS_IT_Identity_SP,BS_IT_Mindfulness_Altertness_to_Distinction_SP,BS_IT_Mindfulness_Awareness_of_Multiple_Perspectives_SP,BS_IT_Mindfulness_Openness_to_Novelty_SP,BS_IT_Mindfulness_Orientation_to_the_Present_SP,BS_Gratitude_SP,BS_IT_Self_Efficacy,BS_Social_Desirability,BS_Marker_Variable
2514222-2023-05-15,2514222,15.05.23,20,1,1,4,2,2,5,1,5,4,2,5,5.0,5.25,4.5,2.75,4.0,6.0,3.0,1.9,3.0,2.166666667,2.666666667,2.5,2.333333333,4.666666667,3.0,9.9375,4.166666667,2.75
2801951-2023-05-09,2801951,09.05.23,19,1,3,5,4,4,1,3,4,4,4,2,5.0,4.25,6.5,2.0,3.2,2.333333333,5.333333333,3.8,5.0,5.333333333,4.666666667,4.5,3.666666667,3.333333333,4.75,6.0625,4.5,1.75
0ma123vb-2023-05-02,0ma123vb,02.05.23,18,1,1,5,2,3,2,3,4,3,3,4,5.333333333,6.0,5.75,1.0,3.2,7.0,6.0,4.0,6.0,5.666666667,4.0,7.0,6.0,4.333333333,6.0,8.5,2.666666667,4.75
0tv2k8fm-2023-04-08,0tv2k8fm,08.04.23,14,1,4,4,4,3,4,3,3,5,3,5,6.0,5.5,5.75,2.25,3.6,5.0,3.0,1.8,1.75,3.333333333,4.666666667,5.0,4.666666667,4.666666667,3.5,9.8125,2.833333333,3.25
0tv2k8fm-2023-06-12,0tv2k8fm,12.06.23,24,2,4,5,4,3,4,3,4,5,3,5,6.333333333,6.0,7.0,1.25,3.0,5.666666667,1.333333333,1.3,1.75,3.666666667,3.333333333,1.5,1.666666667,5.0,5.5,10.125,3.166666667,3.25
0tv2k8fm-2023-07-03,0tv2k8fm,03.07.23,27,3,4,4,4,3,3,4,5,5,3,5,6.0,6.0,6.5,1.0,2.6,5.0,1.666666667,1.5,2.5,3.0,1.666666667,1.5,2.0,4.0,5.0,10.1875,3.166666667,3.25
0twxijzt-2023-05-01,0twxijzt,01.05.23,18,1,3,4,3,1,3,4,4,3,2,4,5.0,4.5,6.0,1.0,2.0,6.0,4.666666667,1.8,3.5,3.166666667,4.0,6.0,4.0,4.0,3.75,10.1875,2.833333333,3.0
0twxijzt-2023-07-03,0twxijzt,03.07.23,27,3,3,5,2,1,3,4,4,3,1,5,4.0,4.0,6.5,1.0,1.2,6.0,4.666666667,1.7,2.0,2.666666667,2.0,2.0,2.0,3.0,3.25,10.4375,2.666666667,3.25
0uf3gr6f-2023-05-01,0uf3gr6f,01.05.23,18,1,3,3,1,4,4,4,2,4,5,3,5.0,4.25,5.5,4.0,5.8,5.0,6.666666667,4.8,6.0,5.666666667,4.0,6.0,5.333333333,4.0,4.25,8.8125,3.333333333,5.0
0uf3gr6f-2023-06-12,0uf3gr6f,12.06.23,24,2,5,2,4,3,5,5,3,4,3,2,5.333333333,5.75,4.75,1.75,4.2,4.333333333,4.333333333,3.7,3.5,4.333333333,3.333333333,5.0,3.666666667,5.333333333,3.0,8.375,3.0,5.5
0ve8lh5z-2023-04-11,0ve8lh5z,11.04.23,15,1,4,5,4,1,2,2,5,4,2,4,6.333333333,6.0,6.75,1.0,1.2,4.666666667,6.666666667,2.8,5.5,4.166666667,2.333333333,6.5,4.666666667,2.666666667,4.5,9.5,2.833333333,5.0
11u9ixuw-2023-05-02,11u9ixuw,02.05.23,18,1,2,4,4,1,3,2,4,5,3,5,6.0,5.75,6.5,1.25,3.2,6.666666667,5.666666667,3.4,6.0,4.0,4.0,6.0,5.0,4.333333333,5.0,10.3125,3.666666667,5.5
11u9ixuw-2023-06-12,11u9ixuw,12.06.23,24,2,2,4,4,1,4,3,5,5,1,4,6.0,5.75,6.5,1.25,2.2,7.0,3.666666667,2.5,4.0,2.5,3.666666667,4.0,2.0,3.0,4.5,9.1875,2.666666667,5.5
11u9ixuw-2023-07-03,11u9ixuw,03.07.23,27,3,2,4,4,1,4,3,3,5,2,4,6.666666667,6.5,6.75,1.25,2.4,5.0,3.666666667,1.9,2.5,3.833333333,4.0,4.0,5.0,4.0,4.25,9.875,3.833333333,4.75
12ruwp83-2023-04-04,12ruwp83,04.04.23,14,1,1,2,2,4,2,1,2,4,5,4,4.333333333,3.25,6.0,2.0,6.4,6.0,5.666666667,3.4,5.5,3.0,2.333333333,5.0,3.666666667,4.333333333,4.0,6.9375,3.333333333,3.75
12ruwp83-2023-06-12,12ruwp83,12.06.23,24,2,1,2,2,5,2,1,2,4,5,4,6.0,4.0,6.25,1.0,6.2,6.0,5.333333333,2.5,2.0,4.0,4.333333333,5.0,5.333333333,3.0,5.0,8.1875,5.333333333,4.0
12ruwp83-2023-07-03,12ruwp83,03.07.23,27,3,2,2,2,5,3,1,2,4,5,4,6.0,4.0,6.5,1.0,6.6,6.0,4.333333333,1.7,3.0,4.166666667,3.0,5.0,4.333333333,3.0,3.5,9.0625,4.333333333,4.25
13nfe67c-2023-05-01,13nfe67c,01.05.23,18,1,4,3,2,2,4,4,3,2,2,4,5.0,5.25,6.0,1.5,2.4,4.333333333,5.666666667,4.0,6.0,4.666666667,1.333333333,5.0,3.333333333,4.333333333,4.75,6.8125,3.833333333,4.0
13nfe67c-2023-06-12,13nfe67c,12.06.23,24,2,2,4,2,2,4,2,4,2,2,4,5.666666667,4.0,5.5,2.25,2.2,2.666666667,4.666666667,3.2,5.0,3.0,2.0,5.0,2.0,4.666666667,4.0,6.0,3.5,3.75
13nfe67c-2023-07-03,13nfe67c,03.07.23,27,3,2,4,2,2,5,2,4,2,2,5,6.0,4.0,5.5,1.25,2.0,2.0,5.333333333,4.2,6.0,3.333333333,1.666666667,3.0,2.0,4.666666667,4.25,5.3125,4.333333333,4.0
1s53kqrd-2023-05-05,1s53kqrd,05.05.23,18,1,3,5,2,4,4,5,3,2,3,5,5.666666667,5.5,6.0,2.0,5.0,4.666666667,6.0,3.3,5.0,2.5,2.0,4.0,2.333333333,1.333333333,3.0,5.9375,3.333333333,2.75
1s53kqrd-2023-07-03,1s53kqrd,03.07.23,27,3,4,4,2,3,2,4,4,3,3,5,6.0,5.25,6.5,1.0,4.4,2.666666667,5.0,3.8,6.25,5.166666667,2.0,1.5,1.666666667,3.666666667,1.75,4.9375,3.5,2.25
22ntv35k-2023-05-09,22ntv35k,09.05.23,19,1,2,4,1,2,4,4,4,3,2,2,5.666666667,5.25,5.0,2.0,3.2,4.0,5.333333333,4.7,4.75,4.333333333,4.0,6.0,4.666666667,5.333333333,4.0,7.8125,3.833333333,3.5
232utdp4-2023-04-17,232utdp4,17.04.23,16,1,4,4,5,1,5,2,3,5,2,2,5.333333333,4.5,6.5,1.0,2.0,6.666666667,4.333333333,2.8,5.0,2.0,2.333333333,5.0,5.333333333,3.666666667,2.75,10.0,3.666666667,2.75
232utdp4-2023-06-12,232utdp4,12.06.23,24,2,4,4,5,1,1,4,3,5,2,3,4.333333333,3.5,7.0,1.0,2.4,7.0,3.333333333,2.0,4.0,1.666666667,1.0,4.5,2.0,5.0,1.5,11.0,2.666666667,3.5
23u1pmku-2023-05-01,23u1pmku,01.05.23,18,1,1,5,4,2,4,2,5,2,4,3,4.0,3.5,6.75,2.25,4.4,3.0,6.333333333,4.9,6.5,5.0,2.333333333,3.0,3.333333333,6.333333333,3.25,6.4375,4.0,2.5
23u1pmku-2023-06-12,23u1pmku,12.06.23,24,2,1,5,5,3,4,3,5,3,4,4,5.0,4.25,5.5,1.75,3.2,2.666666667,5.333333333,2.2,6.5,4.5,1.333333333,1.0,1.0,6.333333333,3.5,7.0,2.333333333,1.5
23u1pmku-2023-07-03,23u1pmku,03.07.23,27,3,1,5,4,4,5,3,4,2,5,4,4.333333333,5.25,5.5,2.25,2.2,1.0,2.666666667,2.5,6.25,2.333333333,1.0,1.0,1.0,6.0,1.75,7.75,1.833333333,3.5
26voz9um-2023-04-17,26voz9um,17.04.23,16,1,3,4,3,2,3,2,2,3,4,5,5.666666667,5.5,6.25,2.5,5.8,4.666666667,3.0,1.7,2.25,2.0,1.333333333,1.5,1.333333333,3.666666667,4.25,9.3125,3.0,3.75
26voz9um-2023-06-12,26voz9um,12.06.23,24,2,2,4,2,1,2,1,2,3,4,5,5.333333333,4.25,6.25,1.25,5.4,1.333333333,3.0,2.7,1.25,3.333333333,2.333333333,2.5,1.666666667,4.333333333,3.75,8.75,3.666666667,3.5
26voz9um-2023-07-03,26voz9um,03.07.23,27,3,2,5,3,2,3,2,2,3,4,5,5.666666667,3.75,6.0,1.5,5.6,2.0,3.666666667,3.4,2.75,5.0,2.0,3.0,2.333333333,4.666666667,2.75,9.375,3.0,4.5
2a1rzb5r-2023-04-18,2a1rzb5r,18.04.23,16,1,1,4,4,2,4,2,4,5,2,5,4.0,5.5,5.75,2.0,4.2,5.0,4.333333333,3.3,3.0,5.0,5.0,5.0,6.0,3.666666667,6.25,9.625,2.833333333,3.5
2dtsn3k0-2023-04-24,2dtsn3k0,24.04.23,17,1,5,5,3,1,5,5,5,5,1,5,5.333333333,4.75,5.5,2.5,2.4,4.333333333,5.333333333,3.4,5.0,1.5,6.666666667,7.0,3.666666667,2.666666667,4.0,7.625,2.5,2.75
2dtsn3k0-2023-06-12,2dtsn3k0,12.06.23,24,2,2,2,2,2,2,4,4,5,2,5,2.0,2.0,3.5,4.75,3.2,4.666666667,5.333333333,4.0,6.0,3.666666667,3.0,2.0,3.333333333,4.333333333,2.25,6.3125,3.0,4.0
2dtsn3k0-2023-07-03,2dtsn3k0,03.07.23,27,3,2,2,4,3,2,3,4,4,2,4,3.0,2.25,3.5,4.0,3.2,4.0,6.0,4.2,6.0,3.666666667,4.0,3.0,3.0,3.0,3.25,5.5625,3.166666667,2.5
2kxr1637-2023-04-04,2kxr1637,04.04.23,14,1,4,3,2,5,2,2,3,4,4,4,4.333333333,4.25,3.5,2.0,4.0,6.333333333,5.333333333,4.4,5.75,4.0,2.333333333,6.0,5.666666667,5.0,2.5,8.875,3.166666667,5.0
2kxr1637-2023-06-12,2kxr1637,12.06.23,24,2,4,3,2,4,2,3,2,4,2,3,4.666666667,4.75,6.0,1.25,3.6,4.333333333,4.666666667,3.0,4.5,3.333333333,2.666666667,4.0,2.333333333,2.333333333,1.75,9.5,4.0,4.5
2kxr1637-2023-07-03,2kxr1637,03.07.23,27,3,3,3,2,4,2,2,3,4,4,4,4.0,3.5,5.5,1.25,4.2,5.0,4.333333333,3.3,4.5,3.0,3.333333333,3.0,4.333333333,1.666666667,2.75,8.875,3.666666667,4.5
2nyyey5h-2023-04-17,2nyyey5h,17.04.23,16,1,2,5,3,2,1,3,5,5,2,5,4.333333333,4.0,4.25,3.5,3.8,6.0,5.333333333,4.2,4.0,4.666666667,2.666666667,5.0,6.0,4.333333333,3.75,7.9375,3.666666667,4.25
2nyyey5h-2023-06-12,2nyyey5h,12.06.23,24,2,3,5,2,1,1,3,4,4,1,5,5.333333333,4.25,5.0,2.25,2.4,5.333333333,4.333333333,2.2,2.25,3.333333333,2.0,3.0,6.0,3.0,2.75,6.8125,4.0,4.0
2nyyey5h-2023-07-03,2nyyey5h,03.07.23,27,3,2,5,2,1,1,4,4,3,4,4,5.333333333,4.25,5.0,1.5,3.4,6.0,5.666666667,2.5,2.75,3.666666667,4.666666667,6.0,5.0,4.333333333,3.25,9.8125,3.833333333,5.0
2w18bpzf-2023-05-01,2w18bpzf,01.05.23,18,1,4,5,4,2,3,5,2,5,2,4,6.666666667,5.75,6.25,1.25,4.0,4.666666667,4.666666667,3.0,3.0,4.333333333,4.333333333,6.5,5.0,4.666666667,4.25,10.1875,4.166666667,3.0
2w18bpzf-2023-06-12,2w18bpzf,12.06.23,24,2,5,4,5,3,4,5,2,5,4,4,6.666666667,6.0,6.75,1.5,4.6,4.666666667,3.333333333,2.4,3.25,4.666666667,3.333333333,5.5,4.666666667,4.333333333,5.5,10.8125,3.833333333,3.25
2w18bpzf-2023-07-03,2w18bpzf,03.07.23,27,3,4,5,4,2,2,5,2,5,2,3,6.333333333,5.5,6.25,1.75,4.6,4.666666667,3.666666667,2.6,2.5,4.833333333,3.0,5.5,4.0,4.0,5.5,10.25,3.333333333,3.5
2wdtqg8n-2023-04-25,2wdtqg8n,25.04.23,17,1,5,5,5,2,5,5,3,4,4,5,6.666666667,6.5,6.75,1.0,3.8,5.666666667,2.0,1.8,2.25,2.333333333,2.666666667,6.5,3.333333333,5.0,3.25,10.5,3.333333333,3.5
2wdtqg8n-2023-06-12,2wdtqg8n,12.06.23,24,2,4,4,5,2,4,5,4,3,3,5,6.0,5.5,6.75,1.5,5.6,6.0,3.666666667,3.0,5.0,4.333333333,5.333333333,7.0,6.333333333,6.0,5.0,10.3125,3.333333333,4.5
2wdtqg8n-2023-07-03,2wdtqg8n,03.07.23,27,3,5,5,4,2,4,5,5,3,3,5,7.0,5.0,6.75,1.0,5.0,5.333333333,6.333333333,3.9,6.5,5.833333333,6.333333333,7.0,6.666666667,5.666666667,4.25,10.25,3.0,4.25
2ygyx4t9-2023-04-17,2ygyx4t9,17.04.23,16,1,3,4,2,1,1,4,2,4,2,2,4.666666667,4.0,5.25,2.0,4.4,5.666666667,6.333333333,3.5,3.5,5.833333333,2.666666667,4.5,4.333333333,4.666666667,2.75,8.625,3.833333333,5.5
2ygyx4t9-2023-06-12,2ygyx4t9,12.06.23,24,2,2,4,3,1,1,5,2,4,2,2,5.666666667,4.75,6.5,1.25,3.8,4.666666667,4.333333333,2.1,2.5,3.333333333,2.666666667,4.0,4.333333333,5.0,4.5,8.9375,3.833333333,5.25
2ygyx4t9-2023-07-03,2ygyx4t9,03.07.23,27,3,2,4,2,1,1,4,3,5,1,3,5.333333333,4.0,6.25,1.5,3.4,6.0,3.666666667,1.7,2.0,2.833333333,1.666666667,3.0,2.0,5.0,5.0,9.1875,3.833333333,5.5
2yqbzr1y-2023-04-06,2yqbzr1y,06.04.23,14,1,4,3,4,1,2,4,3,5,1,3,5.666666667,5.0,5.5,1.5,2.6,4.333333333,4.333333333,2.8,4.75,3.5,3.333333333,4.0,5.333333333,5.333333333,3.0,8.5625,3.5,3.5
2yqbzr1y-2023-06-12,2yqbzr1y,12.06.23,24,2,4,5,4,2,3,4,2,5,2,3,4.666666667,3.5,6.25,1.25,3.4,3.0,4.333333333,2.2,4.75,2.666666667,3.666666667,5.0,4.333333333,4.333333333,2.25,8.875,3.666666667,4.0
2yqbzr1y-2023-07-03,2yqbzr1y,03.07.23,27,3,5,4,5,1,2,4,2,5,1,4,5.666666667,5.0,6.0,1.25,2.8,4.0,3.333333333,2.4,3.25,2.166666667,2.333333333,4.5,3.333333333,4.0,2.75,9.25,3.5,4.25
31cih9na-2023-05-01,31cih9na,01.05.23,18,1,2,5,4,1,5,5,3,5,2,5,5.666666667,4.75,6.0,2.0,3.4,5.333333333,5.0,2.7,5.0,6.0,5.666666667,6.0,6.0,4.333333333,6.5,9.4375,3.333333333,5.0
31cih9na-2023-06-12,31cih9na,12.06.23,24,2,4,5,2,2,5,5,3,5,3,5,6.333333333,4.0,7.0,1.0,3.2,4.666666667,5.0,2.1,2.25,5.666666667,3.333333333,5.0,4.333333333,4.666666667,5.0,9.1875,3.5,5.25
31cih9na-2023-07-03,31cih9na,03.07.23,27,3,3,4,4,1,4,5,3,5,3,5,6.666666667,4.25,7.0,1.0,3.0,4.0,5.0,1.4,4.0,5.166666667,4.333333333,5.0,3.666666667,4.333333333,5.0,9.375,3.166666667,5.5
3ckgky6p-2023-04-10,3ckgky6p,10.04.23,15,1,2,4,1,3,4,1,2,3,3,5,6.0,4.5,6.5,1.5,4.6,5.666666667,2.666666667,2.6,3.5,2.0,4.0,5.0,5.0,3.666666667,2.25,9.625,4.5,4.75
3ckgky6p-2023-04-12,3ckgky6p,12.04.23,15,1,2,4,1,2,1,2,2,2,3,3,5.0,4.25,5.0,2.75,4.6,4.666666667,4.0,2.0,3.25,1.666666667,4.0,5.0,5.0,4.333333333,2.5,9.3125,3.833333333,4.75
3ckgky6p-2023-06-12,3ckgky6p,12.06.23,24,2,1,4,1,2,2,3,2,4,3,5,6.0,4.75,7.0,1.0,5.0,5.666666667,3.0,2.3,2.5,2.0,3.666666667,6.0,2.0,2.0,2.0,9.5,5.0,4.75
3ckgky6p-2023-07-03,3ckgky6p,03.07.23,27,3,1,5,1,3,1,3,3,4,3,5,3.666666667,3.25,5.0,2.75,5.0,6.0,7.0,3.4,5.0,3.0,4.0,6.0,4.0,2.333333333,3.0,10.875,4.833333333,5.5
3earzi2q-2023-04-24,3earzi2q,24.04.23,17,1,2,2,3,2,2,4,2,4,2,3,5.333333333,5.0,6.0,2.0,3.0,5.333333333,2.666666667,1.8,1.5,2.833333333,3.0,4.0,3.666666667,4.333333333,3.5,9.375,3.5,3.0
3earzi2q-2023-07-03,3earzi2q,03.07.23,27,3,3,2,4,2,4,4,3,4,2,4,5.333333333,5.25,6.75,1.0,2.4,5.0,2.333333333,1.9,2.0,2.666666667,2.333333333,3.0,3.333333333,3.333333333,2.25,9.5,3.166666667,3.75
3f2pw4eh-2023-04-20,3f2pw4eh,20.04.23,16,1,3,3,5,2,4,3,5,4,1,4,6.0,6.0,6.25,1.0,1.8,5.333333333,3.333333333,1.5,1.5,4.0,3.666666667,7.0,5.0,3.666666667,6.0,8.125,2.333333333,2.75
3f2pw4eh-2023-06-12,3f2pw4eh,12.06.23,24,2,3,2,5,1,2,4,5,4,1,4,5.333333333,5.25,6.0,1.0,2.0,4.333333333,4.0,1.0,2.25,4.5,3.0,4.0,4.0,4.0,5.0,8.3125,3.0,3.75
3f2pw4eh-2023-07-03,3f2pw4eh,03.07.23,27,3,3,2,5,1,3,4,5,3,1,5,5.333333333,5.25,6.75,1.25,1.4,4.333333333,5.0,1.2,3.0,5.333333333,4.333333333,5.5,5.0,4.0,5.25,8.1875,3.166666667,3.75
3i6epr49-2023-04-24,3i6epr49,24.04.23,17,1,4,5,2,2,2,4,1,4,3,2,5.333333333,4.5,6.0,2.5,4.6,3.666666667,4.666666667,3.3,4.25,3.666666667,2.0,3.0,3.0,5.0,4.25,8.0625,4.166666667,4.0
3i6epr49-2023-06-12,3i6epr49,12.06.23,24,2,2,4,3,2,3,2,2,4,3,3,7.0,7.0,7.0,1.0,4.6,2.666666667,3.666666667,1.6,2.0,3.666666667,1.0,6.0,4.0,4.0,3.5,9.5625,3.333333333,4.0
3i6epr49-2023-07-03,3i6epr49,03.07.23,27,3,2,3,4,2,2,2,2,4,3,3,7.0,7.0,7.0,1.0,3.0,3.0,3.666666667,1.1,3.0,4.333333333,1.666666667,3.0,2.0,4.0,4.25,10.75,3.833333333,3.25
3isd0swb-2023-04-24,3isd0swb,24.04.23,17,1,2,5,1,2,2,4,2,5,5,2,5.666666667,4.25,6.25,1.25,3.6,6.666666667,5.333333333,4.3,6.5,5.0,6.0,6.0,6.0,4.0,3.0,10.5,5.0,2.5
3m5pn7i2-2023-05-08,3m5pn7i2,08.05.23,19,1,5,5,2,5,3,4,2,5,5,4,5.333333333,4.0,4.0,3.25,7.0,1.0,6.666666667,4.6,6.0,6.666666667,4.333333333,7.0,3.666666667,3.0,6.5,8.1875,3.0,4.25
3m5pn7i2-2023-06-12,3m5pn7i2,12.06.23,24,2,4,5,4,5,3,5,3,5,4,4,6.0,6.0,5.75,3.75,6.6,1.666666667,5.0,2.6,4.75,5.0,3.666666667,3.5,3.666666667,4.333333333,4.75,7.5625,2.5,3.75
3m5pn7i2-2023-07-03,3m5pn7i2,03.07.23,27,3,5,5,3,4,2,5,2,5,5,5,6.333333333,6.0,6.0,1.5,7.0,2.0,5.666666667,2.7,3.5,5.333333333,4.0,5.5,3.333333333,4.333333333,6.0,6.5,2.333333333,3.25
3un0nh60-2023-04-17,3un0nh60,17.04.23,16,1,2,2,4,2,2,2,3,5,4,5,5.0,5.0,4.0,3.25,4.0,6.333333333,4.333333333,3.0,3.0,3.333333333,4.0,7.0,4.333333333,6.333333333,5.0,9.3125,3.833333333,4.0
3un0nh60-2023-06-12,3un0nh60,12.06.23,24,2,1,4,3,4,2,2,4,4,3,3,6.0,3.75,5.5,2.0,3.6,4.666666667,2.666666667,2.2,2.75,3.0,5.666666667,6.0,5.666666667,6.0,5.25,7.5625,3.833333333,4.5
3un0nh60-2023-07-03,3un0nh60,03.07.23,27,3,1,4,5,3,3,2,4,4,3,3,5.333333333,4.0,6.5,1.5,5.0,5.333333333,3.0,2.2,2.75,3.5,5.333333333,5.0,4.666666667,5.333333333,4.75,6.9375,4.333333333,3.25
41mquity-2023-04-27,41mquity,27.04.23,17,1,2,4,2,4,1,4,2,4,5,5,3.0,2.25,4.25,2.75,6.2,3.666666667,5.333333333,4.3,3.75,4.0,3.666666667,3.5,3.0,3.0,4.0,6.5,3.0,4.75
41mquity-2023-07-03,41mquity,03.07.23,27,3,2,5,3,4,1,4,3,5,5,5,5.0,4.25,5.25,1.5,6.8,3.666666667,3.666666667,1.9,1.75,4.5,3.0,4.0,3.666666667,3.333333333,5.75,6.625,3.0,5.0
4a32ilil-2023-04-14,4a32ilil,14.04.23,15,1,1,3,2,2,3,4,3,4,2,4,5.666666667,5.0,4.75,2.0,2.8,4.666666667,4.333333333,3.3,5.75,2.333333333,3.666666667,4.5,4.0,3.333333333,4.0,7.25,3.833333333,3.25
4a32ilil-2023-07-03,4a32ilil,03.07.23,27,3,2,4,2,2,4,4,3,5,3,4,4.666666667,4.0,6.75,1.25,3.6,3.333333333,5.0,2.6,6.0,2.333333333,2.333333333,2.0,3.0,3.0,3.75,8.6875,3.833333333,4.0
4hl4yca6-2023-05-01,4hl4yca6,01.05.23,18,1,2,4,2,3,4,3,2,3,4,3,5.0,5.0,4.5,3.5,5.0,5.0,6.333333333,5.4,3.0,5.666666667,4.333333333,5.0,4.0,3.666666667,3.5,4.6875,5.666666667,2.0
4hl4yca6-2023-06-12,4hl4yca6,12.06.23,24,2,3,4,4,2,4,4,3,3,3,3,6.0,6.0,6.0,1.0,4.8,6.0,2.0,2.0,2.0,3.166666667,6.0,6.0,6.0,6.333333333,4.25,9.3125,4.5,2.5
4hl4yca6-2023-07-03,4hl4yca6,03.07.23,27,3,3,4,2,3,2,5,3,3,3,4,6.333333333,6.25,6.75,1.0,4.2,7.0,2.0,2.5,4.75,3.666666667,6.333333333,7.0,7.0,4.333333333,3.0,10.5625,3.333333333,2.25
4p5nnm6k-2023-06-12,4p5nnm6k,12.06.23,24,2,4,2,2,1,5,5,2,4,3,5,6.0,5.75,7.0,1.0,5.0,6.0,4.0,3.2,5.0,3.666666667,4.0,5.5,4.0,4.666666667,4.25,7.875,3.0,5.0
4p5nnm6k-2023-07-03,4p5nnm6k,03.07.23,27,3,4,1,4,2,2,4,2,4,1,4,6.0,6.0,6.0,2.0,5.2,5.666666667,4.0,3.4,5.0,3.0,2.0,6.0,2.0,6.0,2.75,9.1875,3.333333333,3.25
4qkfgf9x-2023-05-08,4qkfgf9x,08.05.23,19,1,3,4,2,4,5,4,2,4,5,4,4.0,4.75,3.25,3.25,5.4,3.666666667,6.666666667,4.5,5.25,4.333333333,3.666666667,6.0,6.0,5.333333333,4.0,3.625,4.833333333,3.0
4qkfgf9x-2023-06-12,4qkfgf9x,12.06.23,24,2,4,2,4,5,2,2,2,4,4,2,3.666666667,2.25,5.75,1.5,4.0,2.0,4.666666667,3.1,5.0,4.166666667,2.333333333,5.0,3.0,3.0,3.25,2.4375,4.0,3.25
4qkfgf9x-2023-07-03,4qkfgf9x,03.07.23,27,3,1,4,4,4,5,2,4,4,4,4,6.0,5.5,6.5,1.0,4.0,1.666666667,2.333333333,2.6,2.75,2.833333333,3.0,3.5,4.0,4.333333333,2.0,2.375,3.5,2.5
572smos1-2023-05-08,572smos1,08.05.23,19,1,4,5,2,2,5,5,4,2,2,5,6.0,5.75,6.5,1.5,1.8,4.666666667,6.0,3.0,4.75,5.0,4.0,4.5,1.666666667,4.333333333,5.0,6.6875,3.0,3.25
572smos1-2023-06-12,572smos1,12.06.23,24,2,4,4,2,2,5,5,2,4,1,5,7.0,7.0,7.0,1.75,2.6,1.0,6.333333333,2.6,4.0,6.333333333,2.666666667,2.5,1.0,5.0,4.0,8.75,1.833333333,2.5
5781iok6-2023-05-01,5781iok6,01.05.23,18,1,1,2,4,2,4,4,3,5,3,5,4.666666667,4.25,5.0,2.5,3.6,6.666666667,3.333333333,2.0,3.0,5.166666667,3.333333333,6.0,2.666666667,4.333333333,2.0,9.5625,3.0,3.25
5781iok6-2023-06-12,5781iok6,12.06.23,24,2,5,4,4,3,2,4,5,4,4,4,5.0,5.25,4.75,1.75,4.2,7.0,4.666666667,1.9,4.0,4.0,2.0,2.0,1.0,3.0,1.0,10.0,3.333333333,4.0
5781iok6-2023-07-03,5781iok6,03.07.23,27,3,3,4,4,2,2,4,5,4,4,4,5.333333333,5.0,4.5,1.5,3.6,7.0,5.0,2.4,3.5,4.166666667,2.333333333,2.0,1.666666667,3.666666667,1.25,9.875,2.833333333,4.5
5hpf09hu-2023-04-24,5hpf09hu,24.04.23,17,1,1,2,4,2,5,4,2,3,2,2,3.333333333,2.75,3.25,4.25,3.8,5.333333333,5.333333333,2.9,3.5,4.166666667,3.0,5.5,3.666666667,3.333333333,3.5,8.3125,3.666666667,4.75
5hpf09hu-2023-07-03,5hpf09hu,03.07.23,27,3,4,2,3,2,4,4,3,4,2,3,4.333333333,2.75,5.5,2.0,2.8,6.333333333,4.666666667,3.5,5.5,5.0,3.0,4.5,3.0,4.666666667,4.0,8.9375,3.833333333,4.25
5jr233wb-2023-04-24,5jr233wb,24.04.23,17,1,2,5,4,2,5,5,3,4,2,4,5.666666667,5.5,6.5,1.0,3.2,5.0,4.666666667,2.1,3.25,2.0,4.0,5.0,4.666666667,5.0,2.25,8.875,2.833333333,3.25
5ygpsdn2-2023-04-17,5ygpsdn2,17.04.23,16,1,2,2,5,3,4,3,2,5,3,5,4.333333333,5.0,3.5,3.25,5.0,4.333333333,5.333333333,3.1,3.5,5.333333333,3.666666667,5.0,5.333333333,5.0,5.25,7.9375,3.833333333,3.75
5ygpsdn2-2023-06-12,5ygpsdn2,12.06.23,24,2,2,2,5,4,4,3,3,5,2,4,4.0,4.0,5.5,2.25,4.4,3.333333333,5.0,1.7,2.5,4.5,3.666666667,3.0,3.333333333,5.0,4.75,8.3125,3.5,4.0
5ygpsdn2-2023-07-03,5ygpsdn2,03.07.23,27,3,2,2,5,3,4,3,3,4,3,5,4.0,4.25,5.0,2.25,4.0,4.0,4.333333333,1.3,3.0,4.666666667,3.0,2.0,3.333333333,5.0,4.75,8.4375,3.166666667,4.0
63rfuh1q-2023-04-24,63rfuh1q,24.04.23,17,1,1,4,3,3,3,2,5,3,1,5,4.0,3.5,5.25,2.0,5.8,2.0,6.0,4.6,2.75,4.0,4.333333333,6.5,7.0,4.0,4.25,6.875,3.333333333,3.75
6g12mrih-2023-05-21,6g12mrih,21.05.23,20,1,5,4,5,4,2,5,4,4,2,4,6.333333333,6.0,6.25,2.0,2.6,6.666666667,3.666666667,3.1,3.0,3.666666667,5.333333333,6.0,6.0,5.0,4.0,8.8125,2.0,4.75
78nxtwlp-2023-05-04,78nxtwlp,04.05.23,18,1,2,3,5,5,3,4,5,4,5,4,3.666666667,4.5,3.25,3.75,6.2,4.333333333,5.0,1.9,3.0,3.166666667,3.333333333,5.0,4.0,4.0,3.75,4.9375,3.833333333,3.5
78nxtwlp-2023-06-12,78nxtwlp,12.06.23,24,2,1,2,5,5,2,2,5,5,5,3,5.0,3.0,3.5,4.25,5.8,3.666666667,4.333333333,2.0,4.25,5.333333333,1.666666667,1.0,1.0,1.666666667,4.5,4.5,3.833333333,2.75
78nxtwlp-2023-07-03,78nxtwlp,03.07.23,27,3,3,4,5,5,4,2,5,4,4,4,5.333333333,3.0,4.5,2.25,6.6,2.666666667,4.333333333,2.4,5.25,4.666666667,2.666666667,4.0,3.666666667,2.333333333,5.0,4.375,3.5,2.5
7harqlwk-2023-05-01,7harqlwk,01.05.23,18,1,4,5,5,1,1,5,5,5,2,5,6.0,6.25,6.5,1.25,1.8,7.0,4.666666667,3.9,6.5,2.166666667,2.0,6.0,5.0,3.0,3.25,9.6875,3.0,3.75
7harqlwk-2023-06-12,7harqlwk,12.06.23,24,2,5,5,4,1,1,4,5,4,4,4,6.0,6.75,7.0,1.0,2.0,6.666666667,5.666666667,4.2,6.5,4.0,3.666666667,4.5,3.333333333,3.333333333,4.0,9.3125,3.0,3.25
7harqlwk-2023-07-03,7harqlwk,03.07.23,27,3,4,4,4,2,2,4,5,5,2,4,6.0,6.0,7.0,1.0,2.4,5.666666667,4.0,3.7,4.75,2.166666667,2.666666667,3.5,4.0,4.333333333,3.25,7.875,3.666666667,3.25
7n2r5lp0-2023-06-12,7n2r5lp0,12.06.23,24,2,2,3,2,2,5,4,3,5,2,2,6.666666667,5.0,6.5,1.0,3.6,5.0,3.333333333,3.2,2.75,4.666666667,1.333333333,3.5,1.333333333,5.666666667,6.5,9.8125,3.333333333,3.75
7n2r5lp0-2023-07-03,7n2r5lp0,03.07.23,27,3,2,3,2,2,5,5,4,4,2,1,6.666666667,6.25,6.25,1.0,3.6,5.333333333,1.666666667,1.4,1.75,4.666666667,5.333333333,5.5,5.666666667,5.666666667,5.25,9.625,2.833333333,3.75
7swcgkmq-2023-05-08,7swcgkmq,08.05.23,19,1,5,4,3,4,1,5,4,5,3,2,5.0,4.5,4.25,1.5,5.0,3.0,1.333333333,2.1,2.5,2.333333333,3.333333333,1.0,1.0,6.666666667,2.75,6.0625,4.333333333,6.0
7swcgkmq-2023-06-12,7swcgkmq,12.06.23,24,2,5,5,2,5,2,5,4,4,2,4,7.0,7.0,6.0,2.0,5.2,1.0,3.0,2.5,1.25,3.5,1.0,1.0,1.0,4.0,4.5,5.4375,4.166666667,3.75
7swcgkmq-2023-07-03,7swcgkmq,03.07.23,27,3,4,4,4,2,5,5,2,4,1,2,7.0,7.0,5.75,2.0,4.0,1.0,2.0,2.2,1.0,2.5,1.0,1.0,1.0,4.0,4.25,6.5,4.666666667,4.0
7t9z942g-2023-04-24,7t9z942g,24.04.23,17,1,1,4,4,4,2,2,5,5,4,5,4.0,3.0,5.5,2.5,4.0,5.666666667,5.333333333,2.7,4.25,3.0,1.333333333,4.0,3.333333333,3.333333333,4.5,9.5,3.166666667,1.75
7t9z942g-2023-06-12,7t9z942g,12.06.23,24,2,1,4,4,4,2,3,5,4,4,5,3.333333333,2.75,5.75,2.5,3.6,5.0,5.333333333,2.4,3.25,3.166666667,2.666666667,2.0,2.0,2.666666667,3.25,9.3125,3.833333333,2.0
7t9z942g-2023-07-03,7t9z942g,03.07.23,27,3,1,4,3,4,1,2,5,5,5,5,3.333333333,2.75,5.5,2.75,4.6,6.333333333,5.333333333,3.0,4.5,2.5,1.333333333,3.0,1.333333333,4.0,3.5,9.75,3.333333333,2.0
7wt61sa7-2023-04-17,7wt61sa7,17.04.23,16,1,5,4,2,4,1,5,5,4,3,5,5.333333333,5.25,4.25,1.25,3.4,3.0,6.333333333,3.1,5.5,3.5,2.333333333,4.0,4.333333333,3.666666667,4.25,8.0625,3.333333333,3.5
7wt61sa7-2023-06-12,7wt61sa7,12.06.23,24,2,4,5,2,3,2,5,4,3,2,5,4.666666667,3.75,7.0,1.25,3.8,2.0,2.333333333,2.1,3.5,2.0,2.666666667,1.0,1.0,1.0,1.5,5.25,3.0,4.0
7wt61sa7-2023-07-03,7wt61sa7,03.07.23,27,3,4,4,3,1,1,5,5,3,2,5,5.666666667,2.25,7.0,1.0,4.0,2.0,4.333333333,1.8,2.0,3.166666667,1.333333333,1.0,1.0,1.0,3.75,4.125,2.666666667,3.75
80tzbw39-2023-04-27,80tzbw39,27.04.23,17,1,2,4,4,1,2,4,3,5,3,5,6.666666667,6.0,7.0,1.0,2.2,5.333333333,4.333333333,2.2,4.75,4.333333333,3.333333333,4.5,3.0,5.666666667,4.25,10.1875,2.166666667,4.5
80tzbw39-2023-06-12,80tzbw39,12.06.23,24,2,1,4,5,1,2,4,3,5,1,4,4.666666667,3.0,6.0,1.25,2.8,5.333333333,3.0,2.1,2.5,3.0,1.666666667,4.0,3.0,3.666666667,5.0,10.375,2.166666667,5.0
81d8mgiy-2023-05-01,81d8mgiy,01.05.23,18,1,4,3,5,2,2,5,4,4,2,4,6.333333333,5.5,5.75,2.0,3.2,6.333333333,5.0,3.4,2.0,4.0,5.666666667,7.0,7.0,7.0,5.0,7.375,2.333333333,5.5
81d8mgiy-2023-05-02,81d8mgiy,02.05.23,18,1,4,4,5,2,2,5,4,4,4,5,5.666666667,5.25,5.25,2.0,3.2,6.333333333,4.666666667,3.3,3.0,5.0,5.666666667,7.0,6.0,6.333333333,5.0,7.8125,3.0,5.25
81d8mgiy-2023-07-03,81d8mgiy,03.07.23,27,3,5,2,4,3,3,4,5,4,3,4,6.333333333,6.0,7.0,1.0,2.8,5.666666667,5.0,2.8,4.0,5.0,5.0,6.0,6.0,6.0,6.0,8.9375,2.833333333,4.75
85f7arnd-2023-05-14,85f7arnd,14.05.23,19,1,2,5,3,3,2,2,5,4,4,5,4.666666667,3.5,4.0,3.75,6.4,6.0,6.0,3.2,4.75,3.0,4.666666667,1.5,4.0,5.333333333,6.0,7.625,3.333333333,5.0
8b0qn8aq-2023-04-17,8b0qn8aq,17.04.23,16,1,3,5,2,4,4,3,4,3,4,3,4.666666667,5.5,6.5,1.25,5.4,4.333333333,4.666666667,4.3,3.5,5.0,5.666666667,6.0,4.666666667,4.666666667,5.5,7.0625,3.833333333,3.75
8b0qn8aq-2023-07-03,8b0qn8aq,03.07.23,27,3,2,4,2,4,4,2,4,4,5,4,5.333333333,4.5,6.0,1.5,5.6,2.666666667,3.666666667,3.2,2.5,3.0,3.666666667,5.0,5.0,5.333333333,3.75,7.0625,3.833333333,2.5
8cutu6uj-2023-04-24,8cutu6uj,24.04.23,17,1,5,4,3,5,5,4,5,4,5,3,4.333333333,2.75,2.0,5.0,5.2,4.0,7.0,1.8,1.75,5.5,4.333333333,7.0,5.0,4.333333333,6.5,9.0625,3.5,5.0
8cutu6uj-2023-07-03,8cutu6uj,03.07.23,27,3,4,4,2,5,1,5,5,4,5,4,1.0,2.0,2.0,4.0,6.0,3.333333333,4.333333333,2.4,5.0,4.5,2.666666667,2.0,3.0,6.0,4.0,8.25,3.5,4.25
8nj3n9o9-2023-04-17,8nj3n9o9,17.04.23,16,1,2,4,2,5,2,3,4,3,5,4,4.666666667,5.0,3.0,3.75,6.0,4.0,5.666666667,3.8,3.0,4.0,2.333333333,3.5,3.0,2.666666667,3.0,7.0625,3.833333333,3.0
8tzen53z-2023-04-27,8tzen53z,27.04.23,17,1,2,5,2,2,2,3,4,4,4,1,5.0,3.75,6.25,1.25,4.2,3.333333333,7.0,5.0,6.5,4.666666667,4.0,4.5,2.333333333,4.666666667,5.0,7.875,3.833333333,3.25
8tzen53z-2023-06-12,8tzen53z,12.06.23,24,2,2,5,2,2,4,3,5,4,4,1,3.666666667,2.0,6.0,1.75,3.8,4.0,3.333333333,2.5,4.0,3.0,1.666666667,2.5,2.666666667,2.333333333,3.25,7.5,3.5,4.0
8tzen53z-2023-07-03,8tzen53z,03.07.23,27,3,3,5,2,4,4,2,4,4,4,2,1.666666667,2.25,3.25,3.75,5.2,3.666666667,5.333333333,3.8,5.0,3.0,2.0,4.5,2.333333333,1.666666667,3.0,7.375,3.5,2.75
8xnom3b6-2023-05-01,8xnom3b6,01.05.23,18,1,1,5,2,1,2,4,3,4,3,3,6.666666667,5.75,5.75,2.5,3.0,5.333333333,6.0,3.3,5.75,6.5,6.333333333,7.0,7.0,6.0,7.0,10.875,2.833333333,4.25
8xnom3b6-2023-07-03,8xnom3b6,03.07.23,27,3,2,5,2,1,4,2,3,4,4,3,6.0,5.25,7.0,1.0,4.4,7.0,6.666666667,2.8,5.0,6.333333333,5.0,7.0,6.0,1.0,5.0,10.6875,3.333333333,4.25
8xwi7ghn-2023-05-01,8xwi7ghn,01.05.23,18,1,3,4,3,2,4,5,5,4,2,4,5.333333333,5.75,6.5,1.25,1.4,5.666666667,4.666666667,3.5,4.75,3.333333333,3.0,5.5,4.0,4.333333333,3.0,8.9375,3.0,3.5
8xwi7ghn-2023-05-03,8xwi7ghn,03.05.23,18,1,3,5,3,2,4,4,5,4,2,4,5.333333333,6.5,6.5,1.0,2.0,5.333333333,5.0,3.6,3.5,3.166666667,4.0,4.0,4.333333333,4.666666667,3.25,9.25,2.666666667,4.0
8xwi7ghn-2023-07-03,8xwi7ghn,03.07.23,27,3,4,4,4,1,4,5,5,3,2,4,5.333333333,4.0,6.25,1.25,1.0,5.333333333,4.333333333,2.2,3.0,3.333333333,1.0,1.0,1.0,5.0,4.0,8.625,2.666666667,3.75
94n22lgx-2023-04-24,94n22lgx,24.04.23,17,1,4,3,3,5,1,5,3,4,4,3,4.333333333,4.25,4.75,2.0,5.6,3.333333333,5.333333333,3.2,5.0,3.666666667,1.666666667,5.5,4.333333333,5.0,4.5,11.0,2.166666667,2.5
94n22lgx-2023-07-03,94n22lgx,03.07.23,27,3,5,2,4,5,1,5,2,5,5,4,5.0,4.25,7.0,1.0,6.0,2.333333333,4.666666667,2.6,5.75,3.166666667,1.666666667,7.0,1.0,6.0,5.0,7.875,2.833333333,2.5
97s66r96-2023-04-17,97s66r96,17.04.23,16,1,2,4,1,4,2,3,4,5,5,4,5.0,4.25,4.0,3.0,5.0,6.0,6.0,4.1,5.25,5.0,5.0,5.0,5.666666667,3.0,5.75,9.1875,3.0,3.0
97s66r96-2023-06-12,97s66r96,12.06.23,24,2,2,4,1,5,1,3,2,5,4,4,5.0,4.25,5.0,2.5,4.8,4.666666667,6.0,3.9,5.5,4.666666667,4.666666667,4.5,4.0,4.0,5.0,7.875,3.666666667,4.0
97s66r96-2023-07-03,97s66r96,03.07.23,27,3,3,5,2,4,2,3,3,4,5,5,4.666666667,4.0,5.0,2.5,5.2,4.666666667,4.666666667,3.2,5.0,4.166666667,3.0,3.0,3.666666667,4.0,5.0,6.8125,3.5,3.75
99soqkgb-2023-05-04,99soqkgb,04.05.23,18,1,2,5,2,3,3,4,3,5,5,5,5.333333333,5.0,4.25,1.5,5.6,6.0,6.0,4.8,5.5,6.0,6.333333333,7.0,7.0,5.333333333,7.0,8.875,2.666666667,4.75
99soqkgb-2023-05-06,99soqkgb,06.05.23,18,1,2,5,2,3,4,4,4,4,5,5,5.666666667,5.0,6.5,1.0,4.6,5.0,5.333333333,4.1,5.0,6.333333333,4.333333333,7.0,6.0,3.666666667,5.0,8.3125,2.5,3.75
99soqkgb-2023-06-12,99soqkgb,12.06.23,24,2,2,5,2,3,3,5,3,5,5,5,6.333333333,7.0,7.0,1.25,3.6,6.333333333,4.333333333,1.8,3.25,3.333333333,7.0,7.0,7.0,2.0,5.5,7.375,2.833333333,3.75
9dkxihxa-2023-05-01,9dkxihxa,01.05.23,18,1,2,5,1,3,2,4,4,1,4,2,3.333333333,3.5,4.25,1.25,5.6,5.333333333,5.0,2.7,5.0,5.0,5.0,6.0,7.0,3.333333333,6.5,6.375,3.333333333,3.0
9dkxihxa-2023-06-12,9dkxihxa,12.06.23,24,2,2,4,2,2,2,4,4,2,4,3,5.333333333,6.0,7.0,1.0,5.0,2.0,5.333333333,3.2,3.0,5.0,1.0,1.0,1.0,1.0,6.0,4.5625,3.833333333,2.75
9dkxihxa-2023-07-03,9dkxihxa,03.07.23,27,3,1,4,2,4,2,3,2,1,5,2,6.0,4.75,7.0,1.0,5.2,5.0,4.0,3.6,2.75,5.166666667,1.0,2.5,2.0,1.0,5.5,5.125,4.333333333,3.25
9f7vos0d-2023-05-01,9f7vos0d,01.05.23,18,1,3,5,4,2,3,3,4,4,1,2,6.0,5.25,6.75,1.25,1.8,5.666666667,4.333333333,2.4,3.0,1.666666667,4.333333333,5.5,5.666666667,4.0,3.5,8.3125,3.666666667,4.75
9f7vos0d-2023-06-12,9f7vos0d,12.06.23,24,2,3,4,4,2,5,4,3,4,4,2,5.666666667,3.75,5.75,1.5,3.4,4.666666667,3.666666667,2.5,3.5,2.166666667,2.0,3.0,2.333333333,5.0,2.25,8.3125,3.333333333,3.0
9f7vos0d-2023-07-03,9f7vos0d,03.07.23,27,3,4,5,4,1,4,4,5,4,2,2,6.0,3.25,6.75,1.25,1.6,4.333333333,2.666666667,1.9,2.5,1.666666667,2.0,2.5,2.0,3.666666667,3.0,8.125,3.5,4.25
9kzbmiw5-2023-04-19,9kzbmiw5,19.04.23,16,1,1,5,2,5,2,4,3,5,5,5,4.333333333,6.5,5.25,2.0,5.8,4.666666667,7.0,2.7,5.75,6.666666667,4.666666667,7.0,6.333333333,1.333333333,6.5,9.375,2.5,2.5
9kzbmiw5-2023-06-12,9kzbmiw5,12.06.23,24,2,1,5,1,4,2,4,2,5,5,5,7.0,6.0,7.0,1.75,4.2,2.0,7.0,1.9,6.5,6.833333333,1.0,1.0,1.0,4.0,7.0,10.625,3.0,4.25
9kzbmiw5-2023-07-03,9kzbmiw5,03.07.23,27,3,1,5,1,4,2,4,2,5,4,5,6.666666667,3.75,5.75,2.0,4.2,3.333333333,6.666666667,3.6,5.0,6.333333333,1.333333333,5.0,2.333333333,7.0,7.0,9.8125,2.0,2.75
9ptcjl2j-2023-04-25,9ptcjl2j,25.04.23,17,1,4,5,3,4,2,3,3,5,5,4,6.0,6.25,4.25,2.0,6.4,4.0,5.0,3.7,2.0,6.0,4.666666667,6.0,6.0,6.0,6.0,7.5625,3.333333333,3.75
9ptcjl2j-2023-06-12,9ptcjl2j,12.06.23,24,2,4,5,3,3,2,3,3,5,5,4,6.333333333,5.25,3.75,2.25,6.2,3.666666667,2.0,1.7,1.5,2.0,2.666666667,3.0,3.0,3.666666667,4.0,7.8125,3.333333333,2.5
9ptcjl2j-2023-07-03,9ptcjl2j,03.07.23,27,3,4,5,4,2,2,3,3,5,4,4,6.666666667,6.0,7.0,1.0,5.8,3.333333333,1.0,1.4,1.25,1.666666667,1.666666667,2.0,2.0,3.0,3.25,7.8125,3.333333333,2.5
a1srbva3-2023-04-02,a1srbva3,02.04.23,13,1,3,2,4,4,1,3,2,5,4,3,5.0,4.75,5.25,2.0,4.4,2.666666667,5.666666667,3.5,4.75,3.833333333,3.333333333,5.0,5.0,4.333333333,5.0,6.375,4.166666667,3.25
a1srbva3-2023-06-12,a1srbva3,12.06.23,24,2,4,4,5,4,1,4,1,4,3,3,6.0,5.75,5.75,2.25,4.8,3.666666667,4.333333333,2.7,5.5,4.333333333,2.666666667,3.5,5.0,4.333333333,5.0,6.1875,4.166666667,2.5
a1srbva3-2023-07-03,a1srbva3,03.07.23,27,3,5,4,4,3,1,3,4,5,2,4,6.0,6.0,6.0,1.75,3.2,4.333333333,4.0,2.3,4.75,4.5,3.333333333,4.0,4.666666667,4.333333333,5.0,6.875,4.166666667,3.25
a7djbuuy-2023-04-11,a7djbuuy,11.04.23,15,1,3,1,5,1,4,3,2,5,3,4,5.0,4.25,3.5,4.25,3.2,7.0,7.0,4.5,7.0,4.166666667,6.666666667,7.0,7.0,5.666666667,5.75,10.0625,3.833333333,3.5
a7djbuuy-2023-06-12,a7djbuuy,12.06.23,24,2,2,4,4,1,2,4,4,4,4,4,4.0,4.25,4.75,5.0,2.8,7.0,6.333333333,3.4,4.5,5.166666667,6.0,5.5,6.0,6.333333333,4.25,10.375,3.5,5.25
a7djbuuy-2023-07-03,a7djbuuy,03.07.23,27,3,4,5,5,1,2,4,2,5,4,5,5.0,5.0,5.5,2.25,2.4,7.0,5.0,3.8,5.0,5.333333333,6.0,6.0,7.0,7.0,6.0,10.3125,3.666666667,5.5
a9yyzqbk-2023-05-04,a9yyzqbk,04.05.23,18,1,3,4,2,3,3,2,3,4,4,4,5.0,5.0,5.5,2.5,4.8,6.0,6.666666667,4.6,5.0,6.5,2.666666667,7.0,6.666666667,5.0,4.0,10.0625,4.333333333,4.25
a9yyzqbk-2023-06-12,a9yyzqbk,12.06.23,24,2,3,4,2,2,2,2,5,4,4,4,4.0,4.25,6.0,2.0,6.0,6.0,4.0,5.0,6.0,5.666666667,5.0,5.0,6.0,4.333333333,3.0,10.0,3.833333333,4.75
a9yyzqbk-2023-07-03,a9yyzqbk,03.07.23,27,3,2,5,2,2,2,2,4,4,3,4,4.333333333,4.0,7.0,1.0,5.0,7.0,4.0,2.8,4.0,3.166666667,2.0,5.0,4.0,2.333333333,2.0,10.0,3.833333333,4.75
agy40m7t-2023-04-14,agy40m7t,14.04.23,15,1,3,5,1,2,3,3,3,2,2,4,3.333333333,4.0,3.5,3.0,3.0,5.0,7.0,6.1,7.0,4.0,2.0,1.5,4.666666667,4.666666667,2.5,7.75,4.833333333,3.25
amqij4u4-2023-04-24,amqij4u4,24.04.23,17,1,2,4,3,2,2,2,2,4,3,4,5.333333333,5.25,6.5,1.0,4.4,3.0,5.666666667,3.3,2.5,3.666666667,4.666666667,5.0,5.0,3.0,4.25,8.6875,3.166666667,4.5
amqij4u4-2023-06-12,amqij4u4,12.06.23,24,2,3,4,2,1,5,3,3,4,1,4,6.333333333,6.5,7.0,1.0,1.4,2.0,1.333333333,1.2,1.25,1.333333333,1.666666667,1.0,1.333333333,1.0,1.5,5.625,4.0,3.0
amqij4u4-2023-07-03,amqij4u4,03.07.23,27,3,3,5,3,1,1,3,3,5,2,4,6.0,6.75,6.75,1.0,2.6,2.0,1.0,1.0,1.0,1.0,1.0,1.0,1.0,1.0,1.25,6.125,3.666666667,3.0
aon1zmsz-2023-05-05,aon1zmsz,05.05.23,18,1,1,1,4,4,3,3,4,4,2,4,5.666666667,4.5,5.0,3.75,5.0,6.333333333,5.333333333,4.3,5.0,5.333333333,1.666666667,4.0,7.0,5.333333333,5.0,10.375,4.333333333,5.0
aon1zmsz-2023-07-03,aon1zmsz,03.07.23,27,3,2,2,2,2,2,4,4,4,4,5,6.666666667,5.0,6.5,1.0,4.2,6.0,4.0,3.3,4.0,5.5,3.666666667,7.0,6.0,4.666666667,4.25,10.1875,4.0,5.25
astuyd7i-2023-04-17,astuyd7i,17.04.23,16,1,2,5,2,1,4,2,1,5,2,5,6.0,5.25,6.5,2.0,2.2,5.666666667,6.666666667,3.7,6.0,3.333333333,3.666666667,4.0,5.333333333,3.0,5.0,10.3125,6.0,7.0
astuyd7i-2023-07-03,astuyd7i,03.07.23,27,3,3,5,4,1,4,2,2,4,2,2,2.333333333,1.0,7.0,1.0,1.4,6.0,5.666666667,3.5,6.5,1.666666667,1.0,2.0,2.0,1.0,2.75,9.6875,4.666666667,5.5
b0ul6vmv-2023-05-08,b0ul6vmv,08.05.23,19,1,2,4,2,4,4,3,4,2,3,3,4.0,4.25,6.0,1.25,4.0,5.0,5.333333333,2.7,4.75,4.333333333,3.333333333,5.0,3.0,4.333333333,2.75,10.5,3.166666667,3.5
b0ul6vmv-2023-06-12,b0ul6vmv,12.06.23,24,2,4,4,2,3,4,2,5,3,4,3,6.0,4.5,7.0,1.0,3.6,4.333333333,3.333333333,1.9,4.0,3.333333333,2.333333333,3.0,2.333333333,4.333333333,2.75,9.3125,2.5,3.75
b0ul6vmv-2023-07-03,b0ul6vmv,03.07.23,27,3,2,4,2,3,4,2,5,3,4,3,6.0,4.5,7.0,1.0,3.8,4.0,3.666666667,1.0,5.25,2.0,2.666666667,5.0,2.0,4.666666667,2.5,9.75,2.666666667,3.5
b6qf9a7z-2023-04-25,b6qf9a7z,25.04.23,17,1,2,5,1,2,2,4,3,3,2,5,4.333333333,4.0,4.75,1.25,4.2,3.666666667,6.0,3.0,3.0,3.0,2.0,5.0,4.333333333,2.0,3.75,8.375,4.0,3.0
b6qf9a7z-2023-07-03,b6qf9a7z,03.07.23,27,3,2,5,1,4,2,4,4,4,3,4,4.333333333,4.25,5.25,1.25,4.6,3.666666667,3.0,2.4,4.75,3.0,1.0,1.0,1.0,1.0,4.0,7.4375,4.5,3.0
b9n7zhy7-2023-04-20,b9n7zhy7,20.04.23,16,1,1,4,4,2,3,2,4,5,3,4,4.0,4.0,4.5,3.25,3.4,6.666666667,4.0,2.7,4.75,2.333333333,2.666666667,5.0,4.0,4.333333333,4.5,10.75,3.833333333,3.25
b9n7zhy7-2023-06-12,b9n7zhy7,12.06.23,24,2,2,4,4,3,3,3,4,4,2,4,4.0,5.0,5.0,3.0,4.6,6.0,2.0,2.5,3.75,3.5,3.333333333,3.0,4.0,4.333333333,5.0,10.6875,4.333333333,3.25
b9n7zhy7-2023-07-03,b9n7zhy7,03.07.23,27,3,2,4,4,2,4,3,2,5,2,4,4.0,4.0,3.75,4.25,4.0,7.0,2.666666667,2.3,4.0,2.666666667,4.0,4.0,5.0,6.0,3.75,10.8125,3.666666667,3.5
bg408898-2023-04-27,bg408898,27.04.23,17,1,3,2,2,4,4,2,5,4,3,5,5.333333333,4.75,5.25,2.25,3.4,6.333333333,5.666666667,4.3,5.25,5.0,4.333333333,5.5,4.333333333,4.333333333,5.5,9.8125,4.166666667,5.5
bg408898-2023-06-12,bg408898,12.06.23,24,2,2,2,2,4,3,1,3,4,4,4,5.0,5.0,5.5,1.75,2.6,5.666666667,4.333333333,2.6,3.5,4.333333333,3.666666667,5.0,3.666666667,3.333333333,5.0,8.0625,4.0,5.5
bg408898-2023-07-03,bg408898,03.07.23,27,3,2,2,2,4,3,1,4,4,4,4,4.666666667,5.5,6.5,1.5,2.0,5.333333333,3.666666667,1.8,2.5,4.5,4.333333333,5.0,5.0,3.666666667,5.25,9.125,4.333333333,5.5
bgem2afq-2023-04-25,bgem2afq,25.04.23,17,1,2,4,3,2,2,3,4,5,3,3,5.333333333,5.0,4.0,2.5,4.4,6.0,4.0,1.7,2.25,3.166666667,3.666666667,5.0,6.0,6.0,6.75,8.625,2.833333333,1.25
bgem2afq-2023-06-12,bgem2afq,12.06.23,24,2,5,5,4,3,4,5,5,5,4,5,4.666666667,4.0,6.0,2.5,3.4,7.0,1.0,1.9,2.0,2.0,4.0,7.0,7.0,5.0,6.0,8.9375,2.0,1.5
bgem2afq-2023-07-03,bgem2afq,03.07.23,27,3,5,5,5,2,3,4,5,5,4,5,6.333333333,6.0,6.25,1.75,3.4,6.666666667,1.0,2.7,2.0,4.0,7.0,6.0,6.0,1.333333333,6.0,9.4375,3.0,1.5
bh90c0em-2023-04-27,bh90c0em,27.04.23,17,1,3,4,2,1,4,4,2,4,3,4,5.666666667,4.75,3.25,3.75,4.2,4.666666667,5.666666667,4.5,6.0,4.166666667,1.333333333,6.5,3.666666667,5.333333333,4.0,10.75,4.666666667,3.25
bh90c0em-2023-06-12,bh90c0em,12.06.23,24,2,3,2,2,2,4,4,3,3,5,3,2.0,1.0,6.0,3.5,6.0,4.666666667,5.0,2.0,1.0,1.666666667,1.0,1.0,1.0,1.0,1.0,9.75,3.833333333,5.0
bh90c0em-2023-07-03,bh90c0em,03.07.23,27,3,3,4,1,1,3,4,4,4,3,4,5.0,4.0,6.5,1.75,4.8,5.666666667,6.0,2.6,7.0,2.666666667,1.0,1.0,1.0,1.333333333,1.0,8.6875,4.166666667,4.75
brmx2ixc-2023-04-24,brmx2ixc,24.04.23,17,1,4,4,1,2,2,4,2,4,2,2,3.666666667,3.5,3.5,2.0,3.4,3.666666667,5.666666667,4.0,6.0,5.5,2.0,3.5,2.0,1.0,3.75,7.625,3.0,5.0
brmx2ixc-2023-06-12,brmx2ixc,12.06.23,24,2,4,4,1,1,4,4,3,4,2,2,6.0,4.5,6.0,1.25,2.8,4.666666667,4.333333333,3.7,6.0,5.5,2.333333333,1.5,2.0,2.666666667,3.75,8.5625,3.166666667,5.5
brmx2ixc-2023-07-03,brmx2ixc,03.07.23,27,3,4,5,3,1,2,5,4,4,1,4,5.333333333,4.25,5.75,1.5,2.2,5.0,3.0,1.7,2.0,5.166666667,1.0,4.0,2.666666667,3.333333333,4.0,8.5,2.666666667,4.5
bypk8aqc-2023-04-26,bypk8aqc,26.04.23,17,1,2,2,2,2,2,4,1,4,3,4,5.666666667,5.5,4.25,3.5,4.0,6.0,5.0,2.6,5.5,4.0,4.333333333,5.0,4.666666667,3.666666667,5.0,7.6875,3.166666667,4.75
c170xotw-2023-04-13,c170xotw,13.04.23,15,1,2,5,3,1,3,5,4,4,3,4,6.333333333,6.25,6.5,1.25,4.6,6.666666667,4.666666667,2.2,2.75,5.333333333,3.333333333,5.0,5.666666667,4.333333333,5.75,8.75,3.166666667,4.5
c170xotw-2023-06-12,c170xotw,12.06.23,24,2,4,4,5,1,3,5,5,4,1,3,6.0,5.25,7.0,1.0,2.0,6.333333333,2.666666667,1.6,2.25,4.666666667,2.0,6.0,4.333333333,2.666666667,5.75,9.8125,3.666666667,4.75
c170xotw-2023-07-03,c170xotw,03.07.23,27,3,5,5,5,1,4,5,4,4,4,3,6.333333333,6.0,7.0,1.0,2.0,6.0,1.333333333,1.3,1.25,4.5,3.0,5.5,3.0,4.333333333,6.0,9.6875,2.666666667,5.0
c7rh2fva-2023-04-24,c7rh2fva,24.04.23,17,1,5,4,2,4,3,4,5,5,2,3,4.333333333,2.25,3.5,1.0,4.6,7.0,7.0,4.7,7.0,4.0,2.333333333,7.0,6.666666667,3.333333333,1.75,9.5625,2.166666667,3.75
cg96l0yv-2023-04-29,cg96l0yv,29.04.23,17,1,2,4,2,3,1,2,2,4,5,2,4.0,3.25,4.0,2.25,5.6,5.666666667,5.0,4.0,4.5,2.833333333,3.666666667,3.5,3.666666667,2.333333333,2.25,8.3125,4.0,3.25
cg96l0yv-2023-06-12,cg96l0yv,12.06.23,24,2,2,4,2,3,1,2,2,4,4,3,4.0,4.25,4.25,2.5,5.0,5.666666667,2.333333333,2.5,4.75,2.5,2.333333333,3.5,2.333333333,2.0,2.75,8.625,3.0,3.5
cgaea5r1-2023-05-01,cgaea5r1,01.05.23,18,1,5,5,5,2,3,4,4,4,2,4,5.333333333,6.0,5.5,2.25,3.8,4.0,5.666666667,3.2,5.25,3.333333333,2.0,3.5,2.0,4.333333333,4.25,9.25,3.833333333,2.25
cq1fz8m9-2023-04-08,cq1fz8m9,08.04.23,14,1,5,4,3,1,2,2,5,5,2,4,4.666666667,3.5,5.0,3.0,3.4,3.0,6.0,3.1,4.5,2.166666667,4.333333333,4.0,2.0,4.666666667,4.0,10.25,3.166666667,5.0
cq1fz8m9-2023-07-03,cq1fz8m9,03.07.23,27,3,3,4,3,2,3,2,5,4,3,4,5.0,2.5,6.75,1.5,3.0,2.666666667,4.666666667,2.8,4.0,3.333333333,3.333333333,3.0,2.333333333,2.666666667,4.0,10.4375,2.833333333,5.25
cwj6kbki-2023-06-12,cwj6kbki,12.06.23,24,2,4,4,2,1,3,1,1,3,2,4,4.333333333,4.75,6.75,1.5,4.2,6.666666667,4.0,3.6,4.0,3.166666667,3.666666667,6.5,5.0,5.0,1.5,9.5625,3.5,2.25
cwj6kbki-2023-07-03,cwj6kbki,03.07.23,27,3,1,4,4,1,2,3,1,5,1,3,6.0,5.75,6.5,1.25,1.4,7.0,1.333333333,1.3,1.0,1.333333333,1.0,6.0,1.333333333,5.0,1.5,10.3125,2.833333333,2.0
d156ouq6-2023-04-11,d156ouq6,11.04.23,15,1,2,3,4,3,5,4,5,4,3,4,6.0,5.5,6.5,1.75,2.8,5.0,6.0,4.3,5.75,3.5,2.0,4.5,5.0,3.0,3.5,8.9375,3.666666667,3.0
d156ouq6-2023-07-03,d156ouq6,03.07.23,27,3,3,3,2,2,3,3,4,5,2,4,7.0,7.0,7.0,1.0,2.4,7.0,1.0,1.0,2.0,4.0,5.0,7.0,6.0,5.333333333,6.5,10.0625,3.0,3.25
d2xjau95-2023-04-30,d2xjau95,30.04.23,17,1,1,1,2,3,2,2,5,4,1,2,4.333333333,3.0,4.0,2.25,3.8,5.666666667,1.666666667,1.9,3.0,5.0,3.0,6.0,4.666666667,4.333333333,5.0,9.5,1.666666667,3.5
d2xjau95-2023-06-12,d2xjau95,12.06.23,24,2,2,5,2,3,2,1,5,3,1,2,5.666666667,3.75,6.75,1.0,4.6,5.333333333,2.0,1.2,1.5,5.0,4.666666667,5.0,3.333333333,3.0,5.75,10.125,2.333333333,3.5
d2xjau95-2023-07-03,d2xjau95,03.07.23,27,3,2,2,2,3,2,1,5,4,2,3,5.0,1.75,5.25,1.0,3.6,4.333333333,2.0,1.0,1.75,4.5,3.666666667,5.0,3.0,4.333333333,5.25,9.875,2.666666667,4.0
d5jk529p-2023-04-17,d5jk529p,17.04.23,16,1,4,3,2,4,2,2,2,4,4,1,4.666666667,4.25,5.25,2.25,5.2,3.666666667,6.666666667,4.8,5.5,5.166666667,4.333333333,5.5,5.0,4.666666667,3.25,7.5,4.0,4.5
d5jk529p-2023-06-12,d5jk529p,12.06.23,24,2,3,3,3,3,2,3,2,4,3,1,5.666666667,4.5,6.5,1.5,4.8,3.666666667,4.666666667,2.4,3.25,3.333333333,4.0,4.0,5.0,5.666666667,4.75,7.875,3.833333333,4.5
d5jk529p-2023-07-03,d5jk529p,03.07.23,27,3,4,3,3,4,2,3,2,4,3,1,5.333333333,5.25,6.5,1.0,4.8,4.0,3.666666667,1.7,3.0,2.833333333,1.666666667,4.0,3.666666667,4.666666667,4.5,7.6875,3.833333333,4.5
d6xtqb5s-2023-05-01,d6xtqb5s,01.05.23,18,1,2,4,4,4,1,5,4,5,4,3,5.0,4.75,6.0,2.0,3.2,2.0,5.666666667,2.4,4.0,4.333333333,1.666666667,7.0,5.666666667,6.666666667,5.0,10.5625,3.833333333,2.5
d6xtqb5s-2023-06-12,d6xtqb5s,12.06.23,24,2,4,2,4,3,4,3,4,3,2,3,2.0,1.0,6.25,3.25,3.8,4.333333333,2.666666667,3.4,3.25,3.333333333,3.666666667,3.0,3.666666667,3.666666667,1.0,4.0625,3.5,4.0
d6xtqb5s-2023-07-03,d6xtqb5s,03.07.23,27,3,2,5,4,4,2,5,5,5,4,2,4.0,1.25,7.0,2.5,4.2,1.0,4.0,3.1,3.0,3.666666667,4.0,2.0,1.0,1.0,5.25,4.9375,3.166666667,3.25
djxynvbx-2023-05-01,djxynvbx,01.05.23,18,1,1,4,3,1,2,5,4,2,1,5,5.666666667,5.25,6.25,1.25,1.2,6.666666667,5.0,2.9,3.75,4.166666667,1.666666667,6.0,2.0,3.666666667,5.75,10.4375,3.666666667,2.5
djxynvbx-2023-07-03,djxynvbx,03.07.23,27,3,4,3,2,1,2,4,4,2,1,5,6.0,5.25,7.0,1.0,1.0,6.666666667,3.666666667,2.5,3.5,5.5,1.0,5.0,4.0,4.666666667,5.5,10.6875,4.0,2.75
dyjbxj30-2023-04-24,dyjbxj30,24.04.23,17,1,2,4,4,4,2,4,2,5,5,5,5.0,4.75,5.5,1.0,4.4,5.333333333,5.0,3.1,6.0,3.666666667,2.333333333,6.0,6.0,4.333333333,5.0,8.1875,3.0,5.5
dyjbxj30-2023-06-12,dyjbxj30,12.06.23,24,2,3,4,4,5,2,4,2,5,5,5,5.333333333,4.5,6.75,1.0,4.0,5.666666667,4.666666667,3.7,6.0,3.333333333,1.0,3.5,6.0,6.0,2.5,7.75,2.5,5.5
dyjbxj30-2023-07-03,dyjbxj30,03.07.23,27,3,3,4,4,4,2,5,4,5,4,5,5.0,4.5,6.25,1.0,4.2,6.0,4.666666667,2.5,6.0,2.666666667,1.0,2.0,2.0,6.333333333,2.75,9.1875,2.333333333,5.5
e3nslymf-2023-05-01,e3nslymf,01.05.23,18,1,2,4,3,4,4,4,5,4,4,4,4.666666667,3.0,4.5,2.75,3.8,5.333333333,3.333333333,2.2,4.0,1.833333333,1.333333333,5.5,6.0,2.666666667,3.0,8.9375,4.166666667,2.0
e3nslymf-2023-06-12,e3nslymf,12.06.23,24,2,4,4,4,4,5,4,4,3,4,2,5.0,2.75,6.0,1.5,3.8,5.333333333,5.333333333,3.9,5.5,2.0,1.333333333,4.0,2.333333333,4.0,5.5,9.125,3.5,2.25
e3nslymf-2023-07-03,e3nslymf,03.07.23,27,3,4,4,2,4,4,4,5,4,5,2,4.666666667,3.0,5.75,1.5,5.0,6.0,6.333333333,3.7,5.75,3.333333333,1.0,1.0,1.0,3.333333333,5.75,9.5,3.5,1.75
e50v22q3-2023-04-16,e50v22q3,16.04.23,15,1,3,3,2,3,2,4,2,5,4,4,7.0,7.0,6.5,1.25,3.6,1.666666667,4.666666667,2.4,4.5,3.333333333,3.0,2.5,1.0,4.0,4.0,5.75,2.5,4.75
e50v22q3-2023-06-12,e50v22q3,12.06.23,24,2,3,5,4,2,1,4,2,5,4,2,5.666666667,6.0,5.75,1.5,6.0,2.0,3.0,1.9,3.25,4.5,3.333333333,6.0,3.666666667,4.0,3.0,9.6875,2.166666667,5.5
e50v22q3-2023-07-03,e50v22q3,03.07.23,27,3,4,5,4,3,4,4,4,5,4,3,6.333333333,6.75,6.25,1.5,2.8,2.333333333,2.0,2.5,1.0,1.833333333,1.0,3.0,2.0,3.0,1.75,9.3125,2.166666667,5.25
e88r8tch-2023-04-24,e88r8tch,24.04.23,17,1,3,4,3,5,4,4,4,5,4,2,5.333333333,6.0,4.25,4.5,6.0,4.0,6.0,5.2,6.0,5.0,4.333333333,5.0,6.0,2.666666667,2.5,6.8125,3.5,3.75
ef5uso1e-2023-05-06,ef5uso1e,06.05.23,18,1,2,4,3,5,5,4,4,4,4,2,5.333333333,4.5,5.75,1.75,6.0,3.333333333,6.0,2.4,3.0,4.333333333,2.666666667,4.0,4.0,4.333333333,7.0,7.25,3.166666667,4.5
efakwspp-2023-04-17,efakwspp,17.04.23,16,1,5,4,2,2,3,5,4,5,2,4,5.333333333,4.5,7.0,1.0,2.6,5.666666667,5.333333333,2.7,5.0,4.666666667,3.333333333,5.0,6.0,4.666666667,5.0,10.0,3.5,2.75
efakwspp-2023-07-03,efakwspp,03.07.23,27,3,5,5,2,1,3,5,5,5,2,3,7.0,5.75,7.0,1.0,2.0,4.666666667,5.333333333,1.8,2.75,5.5,3.666666667,3.0,3.0,3.666666667,4.25,10.5,3.0,4.0
eilowvto-2023-04-24,eilowvto,24.04.23,17,1,2,4,2,4,2,4,2,2,4,4,4.666666667,2.5,3.0,1.75,5.0,5.0,5.0,5.3,6.5,4.0,2.0,4.5,5.666666667,4.0,3.0,7.0625,4.333333333,2.25
eyl9b5uc-2023-05-22,eyl9b5uc,22.05.23,21,1,3,5,3,4,2,5,5,1,4,5,4.666666667,5.0,3.75,3.25,6.2,4.666666667,4.333333333,4.1,4.25,2.833333333,3.333333333,5.0,4.0,1.666666667,4.25,8.5,3.833333333,5.25
f1z6cgrg-2023-04-27,f1z6cgrg,27.04.23,17,1,3,5,4,1,1,4,5,5,2,5,5.333333333,5.25,7.0,1.0,1.4,5.666666667,4.666666667,3.8,2.0,3.333333333,3.666666667,4.0,2.0,2.0,6.0,10.4375,3.166666667,4.75
f1z6cgrg-2023-07-03,f1z6cgrg,03.07.23,27,3,2,3,4,2,1,5,2,4,3,5,6.0,6.0,6.25,1.0,2.2,4.333333333,2.666666667,2.3,2.0,2.0,2.0,2.0,2.0,3.333333333,2.75,10.0,3.166666667,4.75
fdd9do5g-2023-05-01,fdd9do5g,01.05.23,18,1,3,3,3,2,2,3,3,4,3,4,6.0,5.0,6.5,1.5,4.6,4.333333333,5.666666667,2.0,5.25,5.333333333,3.666666667,5.0,4.0,2.0,4.25,10.4375,3.166666667,4.25
fdd9do5g-2023-06-12,fdd9do5g,12.06.23,24,2,3,4,3,3,2,3,3,4,4,4,6.0,6.0,7.0,1.0,4.4,4.666666667,5.666666667,2.3,4.5,5.333333333,3.666666667,4.0,4.0,5.0,6.0,10.9375,2.5,3.75
fdd9do5g-2023-07-03,fdd9do5g,03.07.23,27,3,3,2,2,1,1,3,3,4,3,5,7.0,7.0,6.25,1.75,4.0,4.333333333,5.333333333,1.8,5.0,5.5,4.666666667,6.0,6.0,6.333333333,6.0,10.5,2.0,4.0
fdrufbo5-2023-05-22,fdrufbo5,22.05.23,21,1,2,5,2,2,2,3,3,3,2,4,5.333333333,5.0,7.0,1.0,2.2,3.333333333,6.333333333,3.9,5.0,5.0,3.0,4.0,4.666666667,4.333333333,5.25,7.4375,2.833333333,4.5
feq36klz-2023-05-01,feq36klz,01.05.23,18,1,5,3,1,2,5,5,1,4,2,5,7.0,7.0,6.75,1.0,2.2,7.0,1.0,1.0,1.0,1.5,7.0,7.0,7.0,2.666666667,3.75,9.5625,3.0,4.0
fkoc4utl-2023-05-01,fkoc4utl,01.05.23,18,1,4,4,4,4,2,4,4,4,3,4,5.333333333,4.5,5.5,1.5,3.4,5.666666667,4.333333333,3.2,3.5,4.0,4.666666667,5.0,4.333333333,4.0,4.75,7.75,3.5,4.25
fkoc4utl-2023-06-12,fkoc4utl,12.06.23,24,2,4,4,4,4,2,4,4,4,4,4,5.0,4.25,5.75,1.5,4.2,5.0,2.666666667,2.6,3.75,3.5,5.0,5.0,5.0,2.0,5.0,8.5625,3.833333333,3.5
fkoc4utl-2023-07-03,fkoc4utl,03.07.23,27,3,4,4,4,3,2,4,4,4,4,4,5.0,4.0,6.5,1.75,4.4,5.0,3.0,2.6,3.0,3.333333333,5.0,5.0,5.0,2.333333333,5.0,8.4375,3.333333333,3.5
fohxru2n-2023-04-17,fohxru2n,17.04.23,16,1,2,3,2,2,1,2,5,5,3,4,6.0,5.75,5.0,2.0,3.0,2.666666667,2.666666667,1.9,1.0,3.5,5.0,3.0,1.0,1.0,3.5,7.0,2.5,1.25
g8f3jtp6-2023-05-01,g8f3jtp6,01.05.23,18,1,2,2,3,4,4,2,3,3,5,4,3.666666667,3.5,2.75,2.5,5.4,3.666666667,6.0,4.1,5.25,4.0,3.333333333,5.0,3.333333333,3.666666667,4.0,8.3125,4.166666667,4.0
goy9ig42-2023-04-17,goy9ig42,17.04.23,16,1,4,4,1,4,2,5,2,4,3,5,4.333333333,4.75,3.75,4.25,5.0,5.666666667,5.666666667,4.3,6.0,4.833333333,4.666666667,6.0,6.0,5.333333333,4.0,10.375,4.333333333,5.25
gyq3lf6r-2023-04-24,gyq3lf6r,24.04.23,17,1,3,4,1,2,3,4,3,4,4,3,5.666666667,5.25,6.0,1.5,3.4,4.333333333,6.0,4.3,6.25,5.166666667,3.0,5.0,5.0,5.333333333,5.75,5.9375,2.666666667,5.0
hdrcl00f-2023-04-20,hdrcl00f,20.04.23,16,1,4,2,1,2,1,5,4,5,3,5,4.666666667,4.0,5.75,2.75,1.8,6.0,6.0,2.6,2.5,5.166666667,2.333333333,4.0,3.666666667,4.333333333,6.0,8.6875,3.5,4.25
hdrcl00f-2023-06-12,hdrcl00f,12.06.23,24,2,2,4,1,2,5,4,3,4,1,5,3.333333333,4.25,5.5,1.25,3.0,6.666666667,6.0,3.5,3.75,4.166666667,2.0,3.0,3.666666667,3.666666667,3.75,9.6875,3.0,5.0
hdrcl00f-2023-07-03,hdrcl00f,03.07.23,27,3,5,3,2,1,3,5,4,4,2,5,4.666666667,5.0,6.5,1.0,2.4,6.333333333,4.333333333,1.6,3.25,3.333333333,2.0,4.0,4.0,1.333333333,3.25,9.9375,2.833333333,4.25
hwyr5z1l-2023-04-24,hwyr5z1l,24.04.23,17,1,1,4,1,5,4,1,5,4,5,5,4.666666667,3.75,4.5,2.25,6.0,5.666666667,5.666666667,4.0,7.0,5.166666667,2.666666667,6.0,5.666666667,2.666666667,4.0,9.375,2.666666667,4.5
hwyr5z1l-2023-06-12,hwyr5z1l,12.06.23,24,2,1,4,1,3,4,1,4,5,5,4,5.333333333,4.0,4.75,1.75,5.8,6.0,5.0,4.7,7.0,5.0,2.0,6.0,5.0,3.0,4.5,9.8125,3.0,4.5
hwyr5z1l-2023-07-03,hwyr5z1l,03.07.23,27,3,1,3,2,4,4,1,3,5,5,4,6.0,5.25,5.75,1.25,4.6,6.0,1.333333333,2.5,3.5,1.5,2.0,2.5,3.0,2.666666667,3.0,9.3125,3.5,4.5
i7skwz32-2023-05-01,i7skwz32,01.05.23,18,1,3,2,2,3,2,4,3,4,4,5,6.0,4.25,6.5,1.0,3.2,5.0,3.333333333,3.2,3.25,3.666666667,3.666666667,4.0,3.0,4.333333333,3.25,9.4375,3.833333333,3.0
i8a30fnt-2023-05-08,i8a30fnt,08.05.23,19,1,2,4,3,2,3,4,3,3,4,4,6.0,6.0,4.0,3.0,5.8,7.0,7.0,5.5,6.0,5.666666667,6.333333333,6.5,6.666666667,6.333333333,6.5,7.3125,2.666666667,3.25
i8glacci-2023-04-16,i8glacci,16.04.23,15,1,1,1,5,4,5,4,4,5,4,5,5.666666667,4.5,3.5,1.5,5.8,1.333333333,2.666666667,1.6,2.0,2.0,4.0,2.0,1.0,5.333333333,2.75,7.8125,2.833333333,4.75
i8glacci-2023-06-12,i8glacci,12.06.23,24,2,1,3,4,5,5,4,4,5,4,4,4.0,4.0,6.75,1.0,5.0,1.0,2.333333333,1.8,1.0,2.333333333,1.333333333,1.0,1.0,4.666666667,3.0,8.1875,3.5,4.5
i8glacci-2023-07-03,i8glacci,03.07.23,27,3,1,1,4,5,5,4,4,5,4,5,5.0,4.0,6.75,1.25,6.2,1.0,3.0,1.5,1.25,2.333333333,1.0,1.0,1.0,5.333333333,3.0,6.3125,2.5,4.0
ij05gand-2023-05-01,ij05gand,01.05.23,18,1,3,4,4,4,2,3,3,4,4,4,4.0,4.0,6.5,1.5,3.4,3.333333333,4.0,2.8,3.25,3.0,4.0,4.0,4.0,4.333333333,4.0,6.0625,4.0,3.25
ij05gand-2023-05-02,ij05gand,02.05.23,18,1,3,4,4,3,2,3,2,4,2,4,5.0,3.5,4.5,1.0,4.4,4.0,5.333333333,3.7,4.5,4.0,4.333333333,5.0,4.0,4.333333333,4.0,6.875,3.833333333,2.5
ij05gand-2023-06-12,ij05gand,12.06.23,24,2,3,3,3,4,2,3,2,4,4,4,4.0,2.75,6.5,1.0,3.6,1.0,4.0,2.2,3.25,1.5,1.0,3.0,1.666666667,1.666666667,3.0,8.0,3.833333333,3.0
ij05gand-2023-07-03,ij05gand,03.07.23,27,3,3,3,4,4,3,3,2,4,3,3,4.0,2.75,6.0,1.75,3.4,2.0,4.0,1.6,4.0,2.333333333,1.333333333,3.5,2.0,1.666666667,3.0,7.5,4.0,3.25
imqfhhtj-2023-04-16,imqfhhtj,16.04.23,15,1,4,5,4,2,5,4,3,4,2,2,5.666666667,5.0,4.75,1.5,3.6,5.0,5.333333333,2.3,3.25,5.0,3.0,5.5,4.666666667,4.333333333,5.25,6.625,3.333333333,4.25
imqfhhtj-2023-06-12,imqfhhtj,12.06.23,24,2,4,5,4,3,1,4,3,4,2,5,5.0,3.25,4.25,2.75,2.6,4.666666667,6.0,3.8,5.25,4.833333333,3.333333333,5.0,3.666666667,5.0,4.25,7.0625,4.166666667,4.25
imqfhhtj-2023-07-03,imqfhhtj,03.07.23,27,3,4,5,4,2,1,4,3,4,3,4,5.0,3.5,5.75,2.25,3.6,4.333333333,5.333333333,2.7,3.25,4.333333333,3.0,5.0,4.0,4.333333333,4.5,7.8125,3.5,4.5
j1koq9uc-2023-05-01,j1koq9uc,01.05.23,18,1,2,5,2,4,3,4,2,4,5,5,5.666666667,5.0,4.0,4.0,6.6,5.0,5.333333333,3.9,5.0,5.0,4.666666667,4.0,4.0,4.333333333,4.0,8.0,4.333333333,4.0
j1koq9uc-2023-07-03,j1koq9uc,03.07.23,27,3,2,5,2,3,3,4,2,4,4,3,6.666666667,6.75,6.75,1.25,5.6,5.666666667,5.333333333,4.8,4.5,5.333333333,5.666666667,5.0,4.666666667,5.333333333,4.75,7.5625,4.166666667,4.75
jiuenbqz-2023-05-01,jiuenbqz,01.05.23,18,1,3,5,4,3,1,3,3,4,4,4,5.666666667,4.75,6.5,1.5,5.4,5.0,5.0,4.3,5.0,3.833333333,3.666666667,4.0,5.0,4.666666667,4.25,7.625,3.666666667,4.5
jkhb3iqx-2023-04-24,jkhb3iqx,24.04.23,17,1,3,5,2,2,5,4,2,4,3,4,6.0,7.0,7.0,1.0,5.0,4.666666667,7.0,4.9,6.0,7.0,7.0,7.0,6.666666667,6.0,6.0,10.5625,3.166666667,2.75
jl5uoe0b-2023-04-24,jl5uoe0b,24.04.23,17,1,2,2,2,2,2,4,3,4,4,3,6.0,6.0,5.0,1.0,5.2,1.333333333,3.0,2.5,2.5,2.5,2.0,3.0,2.0,4.0,4.5,6.9375,2.666666667,5.0
jl5uoe0b-2023-06-12,jl5uoe0b,12.06.23,24,2,2,3,4,4,4,3,3,4,4,2,6.0,5.5,6.25,1.75,4.2,3.333333333,1.0,1.0,1.0,4.0,3.666666667,4.5,4.666666667,4.666666667,4.75,5.375,3.5,5.0
jl5uoe0b-2023-07-03,jl5uoe0b,03.07.23,27,3,3,5,4,3,2,3,4,4,5,3,6.0,5.5,6.25,2.0,3.8,4.0,1.333333333,1.0,1.0,2.5,2.0,2.0,2.333333333,2.0,4.75,5.875,2.333333333,5.5
jzfciqxy-2023-05-07,jzfciqxy,07.05.23,18,1,3,4,3,2,3,2,4,3,4,3,5.0,6.0,5.0,3.0,5.4,5.666666667,7.0,5.2,5.75,4.833333333,5.333333333,6.0,6.0,6.0,4.5,8.75,3.166666667,4.0
jzfciqxy-2023-07-03,jzfciqxy,03.07.23,27,3,3,4,5,1,1,3,4,4,2,3,6.0,7.0,7.0,1.0,2.6,6.0,1.0,1.0,1.0,5.833333333,7.0,7.0,7.0,6.666666667,7.0,10.0,2.666666667,1.0
k3fhw6t1-2023-05-01,k3fhw6t1,01.05.23,18,1,3,5,2,3,2,4,5,4,4,4,4.0,3.25,4.0,2.5,4.8,2.0,6.0,4.7,6.0,4.666666667,4.666666667,6.0,3.0,4.0,4.0,7.875,3.666666667,4.5
k3fhw6t1-2023-06-12,k3fhw6t1,12.06.23,24,2,3,5,3,2,3,5,4,4,4,4,5.0,3.25,6.5,1.25,4.6,2.0,3.666666667,2.7,3.0,3.5,2.333333333,4.0,3.0,4.333333333,3.75,6.875,3.5,4.25
k3fhw6t1-2023-07-03,k3fhw6t1,03.07.23,27,3,3,5,2,2,3,5,5,4,4,4,4.333333333,3.25,6.0,1.5,4.4,2.0,3.333333333,2.3,2.0,2.166666667,3.0,2.0,2.0,3.666666667,2.5,8.0625,3.5,4.5
katbm2as-2023-05-09,katbm2as,09.05.23,19,1,2,4,1,2,4,2,3,4,3,3,4.333333333,3.75,5.5,1.75,4.6,6.333333333,5.666666667,2.7,4.0,4.333333333,3.666666667,6.5,5.0,4.0,5.0,7.375,4.166666667,3.0
kehpd24f-2023-04-01,kehpd24f,01.04.23,13,1,5,5,2,4,2,5,3,4,3,4,5.333333333,5.0,5.75,2.25,5.6,6.333333333,5.333333333,2.0,4.0,3.333333333,3.333333333,2.0,2.666666667,3.666666667,2.25,8.6875,3.333333333,5.5
kehpd24f-2023-06-12,kehpd24f,12.06.23,24,2,5,4,4,3,4,5,4,4,3,4,5.333333333,2.75,5.25,1.75,4.2,5.666666667,2.333333333,2.9,3.25,2.666666667,2.333333333,2.5,3.0,5.333333333,3.5,9.1875,3.166666667,4.5
kehpd24f-2023-07-03,kehpd24f,03.07.23,27,3,5,2,4,3,2,5,3,4,3,4,5.0,2.75,6.0,1.25,5.2,5.333333333,2.666666667,1.7,3.0,2.666666667,1.333333333,2.0,1.666666667,3.666666667,1.5,7.0,3.666666667,4.0
ki38tijo-2023-05-10,ki38tijo,10.05.23,19,1,2,4,2,3,3,4,4,3,3,4,4.666666667,4.5,4.0,4.0,4.2,4.333333333,5.0,3.4,5.0,3.666666667,4.0,5.0,4.0,4.666666667,4.25,7.75,3.666666667,5.0
ki38tijo-2023-05-14,ki38tijo,14.05.23,19,1,2,4,2,3,3,3,4,3,3,4,5.0,4.5,4.5,2.5,4.2,4.0,4.0,4.0,4.75,3.5,4.333333333,4.5,4.0,4.0,4.25,7.0625,3.166666667,4.75
ki38tijo-2023-07-03,ki38tijo,03.07.23,27,3,1,5,2,4,3,4,3,3,3,4,5.0,5.0,5.0,3.0,4.0,3.333333333,3.666666667,3.3,3.0,3.666666667,4.0,4.5,4.0,4.666666667,3.0,7.875,3.833333333,4.25
kv9h4ldn-2023-05-01,kv9h4ldn,01.05.23,18,1,3,4,2,1,5,5,3,3,1,5,6.0,6.0,5.5,1.0,2.0,1.0,3.333333333,1.7,2.75,1.333333333,3.333333333,2.0,1.0,3.666666667,2.5,9.5625,4.5,4.25
l02ngzvc-2023-04-17,l02ngzvc,17.04.23,16,1,1,3,4,1,2,3,4,4,2,4,6.0,6.0,5.25,1.0,4.0,4.666666667,4.0,1.6,2.25,2.166666667,1.0,2.0,2.0,1.0,2.5,6.6875,4.0,2.25
l02ngzvc-2023-06-12,l02ngzvc,12.06.23,24,2,2,2,5,2,3,4,2,4,1,4,4.666666667,1.5,7.0,1.0,4.4,1.0,3.666666667,1.1,1.25,1.833333333,1.0,1.0,1.0,1.0,1.0,8.5,3.0,1.0
l02ngzvc-2023-07-03,l02ngzvc,03.07.23,27,3,2,3,2,2,2,4,3,4,2,4,4.666666667,1.5,7.0,1.0,4.0,3.0,4.0,2.2,3.0,2.0,1.0,1.0,1.0,1.0,1.5,8.3125,3.333333333,3.5
l6r06rwy-2023-04-24,l6r06rwy,24.04.23,17,1,2,3,3,2,2,4,4,5,2,3,5.0,1.75,6.5,1.75,1.2,5.0,3.0,1.1,2.0,1.666666667,1.0,5.0,1.0,1.0,2.75,9.3125,3.166666667,3.0
l6r06rwy-2023-06-12,l6r06rwy,12.06.23,24,2,2,4,2,2,3,4,2,4,1,2,1.0,1.0,1.25,7.0,1.2,4.0,2.666666667,1.2,1.0,2.5,1.666666667,1.0,1.0,1.0,2.0,7.5625,3.333333333,3.0
l6r06rwy-2023-07-03,l6r06rwy,03.07.23,27,3,2,2,2,1,4,4,1,5,1,2,5.333333333,3.0,6.75,1.0,1.0,3.666666667,4.333333333,1.2,2.25,2.833333333,2.666666667,2.0,2.0,1.0,3.75,8.4375,3.833333333,2.75
lez5z578-2023-07-03,lez5z578,03.07.23,27,3,3,2,2,4,2,4,5,5,2,2,5.333333333,5.5,7.0,1.0,3.8,4.333333333,5.0,2.6,3.5,4.666666667,1.666666667,2.0,4.333333333,4.666666667,2.5,7.875,4.166666667,5.25
lmbrj3k3-2023-05-03,lmbrj3k3,03.05.23,18,1,4,5,2,1,5,5,5,5,1,4,6.333333333,6.25,7.0,1.0,1.4,7.0,5.666666667,4.5,6.5,5.333333333,2.0,7.0,7.0,3.333333333,5.75,9.5625,3.0,5.25
lmbrj3k3-2023-07-03,lmbrj3k3,03.07.23,27,3,5,5,3,1,4,4,4,4,1,4,7.0,7.0,7.0,1.0,1.2,5.666666667,4.0,2.2,2.0,3.5,1.333333333,3.5,3.0,2.0,4.25,10.4375,3.5,4.5
lvzl3ab2-2023-04-24,lvzl3ab2,24.04.23,17,1,2,5,1,2,3,2,4,4,2,5,5.333333333,4.75,4.25,1.5,4.0,5.666666667,6.0,5.4,6.0,5.166666667,5.333333333,5.0,5.333333333,2.0,5.75,6.6875,4.333333333,4.0
lvzl3ab2-2023-06-12,lvzl3ab2,12.06.23,24,2,4,5,2,1,4,4,3,5,3,5,5.666666667,4.0,6.25,2.25,4.4,5.0,6.333333333,4.5,6.0,5.5,3.333333333,4.0,4.333333333,4.0,5.25,8.3125,4.833333333,2.0
lvzl3ab2-2023-07-03,lvzl3ab2,03.07.23,27,3,5,5,2,2,4,3,3,3,4,5,5.0,5.25,6.5,1.75,3.4,4.0,6.333333333,4.0,5.0,5.833333333,4.333333333,4.0,2.666666667,4.0,5.5,7.25,4.166666667,3.5
m5glea36-2023-05-06,m5glea36,06.05.23,18,1,2,5,3,4,2,3,5,5,3,5,5.0,6.0,5.0,4.0,4.6,4.666666667,5.666666667,4.5,4.75,5.0,5.0,4.0,4.333333333,3.0,4.25,7.5625,4.0,4.0
m5glea36-2023-06-12,m5glea36,12.06.23,24,2,4,2,2,3,4,4,3,2,4,4,6.0,6.0,7.0,1.0,3.8,5.0,3.666666667,2.7,3.0,4.333333333,4.666666667,6.0,6.333333333,4.666666667,5.25,7.6875,3.833333333,4.75
m5glea36-2023-07-05,m5glea36,05.07.23,27,3,2,3,3,2,1,4,2,3,3,3,7.0,6.75,6.5,2.25,6.6,4.666666667,5.0,4.4,4.0,4.666666667,4.333333333,5.5,4.333333333,5.333333333,5.5,7.6875,4.166666667,5.0
m8mf7rq7-2023-04-16,m8mf7rq7,16.04.23,15,1,2,5,2,5,1,2,3,4,5,2,4.333333333,2.5,5.25,2.0,4.6,1.0,5.0,2.6,3.5,3.666666667,1.0,2.0,1.0,1.333333333,5.25,2.8125,3.166666667,4.0
m8mf7rq7-2023-06-12,m8mf7rq7,12.06.23,24,2,1,4,2,5,1,2,2,4,5,3,4.0,1.75,6.0,2.0,4.2,1.0,3.666666667,1.3,2.75,3.0,1.0,1.5,1.333333333,1.333333333,3.75,1.5625,3.333333333,4.5
m8mf7rq7-2023-07-03,m8mf7rq7,03.07.23,27,3,2,4,3,5,5,1,2,3,5,2,3.666666667,1.75,6.25,1.5,3.8,1.0,4.0,1.1,3.5,3.666666667,1.0,2.0,1.0,1.0,3.5,1.375,3.166666667,4.5
mgsfu38q-2023-04-17,mgsfu38q,17.04.23,16,1,4,4,2,3,3,3,4,4,4,3,4.333333333,4.75,3.75,1.75,4.4,4.0,5.333333333,3.9,6.0,4.666666667,3.333333333,6.0,5.666666667,4.333333333,4.75,10.0625,3.666666667,4.75
mgsfu38q-2023-06-12,mgsfu38q,12.06.23,24,2,4,3,2,3,2,4,3,4,2,4,5.333333333,5.25,5.25,1.25,3.4,3.666666667,4.333333333,2.7,6.0,4.666666667,3.666666667,5.0,5.666666667,3.666666667,6.0,9.75,3.166666667,5.0
mgsfu38q-2023-07-03,mgsfu38q,03.07.23,27,3,4,3,2,3,4,4,3,4,3,4,5.0,5.0,5.5,1.25,3.8,3.0,4.666666667,2.2,5.75,5.833333333,3.333333333,5.5,5.333333333,4.0,5.5,10.0,3.833333333,5.5
mnnqsclj-2023-04-25,mnnqsclj,25.04.23,17,1,2,4,5,3,4,4,3,4,3,3,5.333333333,5.0,5.0,2.75,3.2,5.666666667,5.666666667,5.0,5.0,5.333333333,3.666666667,5.5,5.0,5.333333333,5.0,8.125,3.5,4.75
mnnqsclj-2023-06-12,mnnqsclj,12.06.23,24,2,2,4,5,2,4,4,3,4,3,3,4.666666667,4.75,5.75,2.75,3.0,5.666666667,5.333333333,4.2,4.25,4.333333333,3.666666667,3.0,4.0,3.666666667,3.5,7.125,3.666666667,4.25
mnnqsclj-2023-07-03,mnnqsclj,03.07.23,27,3,2,5,5,4,4,4,3,5,3,4,5.333333333,5.0,5.75,2.25,2.0,5.666666667,3.333333333,2.9,2.5,3.166666667,5.0,5.0,5.333333333,4.0,4.25,9.0,3.0,4.0
mz8tuvm4-2023-06-12,mz8tuvm4,12.06.23,24,2,3,4,2,2,4,4,2,4,3,4,6.0,5.0,7.0,1.0,2.6,6.0,2.0,1.0,1.0,2.666666667,4.0,4.0,4.0,4.666666667,3.25,9.5625,3.666666667,4.25
mz8tuvm4-2023-07-03,mz8tuvm4,03.07.23,27,3,2,4,3,2,4,4,2,4,2,4,3.333333333,4.0,6.5,1.25,3.8,5.666666667,3.0,1.0,2.0,3.666666667,2.0,2.5,2.0,2.666666667,3.25,9.9375,4.0,4.75
ngxyy313-2023-04-24,ngxyy313,24.04.23,17,1,3,4,2,4,3,4,4,3,4,3,5.0,5.0,4.5,3.75,4.8,3.333333333,6.0,3.1,3.5,3.333333333,3.333333333,5.0,5.0,4.0,4.25,7.1875,3.166666667,5.0
ngxyy313-2023-06-12,ngxyy313,12.06.23,24,2,3,4,2,2,2,4,4,3,4,4,4.666666667,4.0,6.0,2.25,3.0,3.333333333,3.666666667,2.4,2.5,3.666666667,3.0,4.0,3.666666667,2.0,5.5,6.1875,3.666666667,3.25
ngxyy313-2023-07-03,ngxyy313,03.07.23,27,3,4,4,2,3,3,4,4,3,3,4,5.0,4.0,6.0,1.5,2.6,3.666666667,2.666666667,2.1,2.0,3.333333333,4.0,4.0,4.0,3.333333333,5.0,6.9375,3.666666667,4.25
ngynrk6n-2023-05-01,ngynrk6n,01.05.23,18,1,2,4,3,2,3,3,4,4,4,4,5.666666667,5.25,5.75,2.25,3.4,4.333333333,6.0,3.5,4.0,4.166666667,3.333333333,3.0,4.333333333,4.0,4.0,8.5625,3.333333333,2.5
ngynrk6n-2023-06-12,ngynrk6n,12.06.23,24,2,3,4,3,2,4,4,4,4,2,3,6.0,5.75,7.0,1.0,4.0,4.666666667,4.666666667,1.9,2.75,2.666666667,2.0,3.0,2.0,4.0,3.0,8.8125,3.166666667,1.75
novxx0ht-2023-06-12,novxx0ht,12.06.23,24,2,4,5,5,3,3,5,2,4,2,5,6.0,7.0,7.0,1.0,3.8,2.666666667,4.333333333,2.1,2.0,2.833333333,1.0,1.0,1.0,4.0,1.25,7.875,4.0,3.25
novxx0ht-2023-07-03,novxx0ht,03.07.23,27,3,4,5,4,3,2,5,2,4,4,5,6.0,7.0,7.0,1.5,4.0,1.0,3.333333333,2.1,2.0,3.833333333,1.0,1.0,1.0,5.333333333,3.0,9.0,2.833333333,3.75
nw335oj0-2023-04-25,nw335oj0,25.04.23,17,1,2,2,2,3,2,2,2,2,2,4,4.333333333,5.0,5.75,4.25,4.4,5.666666667,4.0,4.5,4.5,4.833333333,4.0,5.0,4.666666667,4.333333333,4.0,6.125,3.666666667,4.75
nw335oj0-2023-07-03,nw335oj0,03.07.23,27,3,3,4,4,2,2,4,3,4,3,4,4.333333333,3.5,5.0,2.25,4.8,4.333333333,1.0,1.5,2.5,3.333333333,3.0,4.0,4.0,3.0,5.0,8.75,4.166666667,4.0
nx7ooaad-2023-04-11,nx7ooaad,11.04.23,15,1,2,2,4,5,5,3,4,5,4,5,4.666666667,5.25,5.0,1.25,5.8,5.0,4.333333333,3.4,3.5,3.666666667,2.666666667,4.0,3.0,2.333333333,4.25,7.8125,4.166666667,4.75
nx7ooaad-2023-06-12,nx7ooaad,12.06.23,24,2,2,2,4,5,5,3,4,5,4,5,4.666666667,4.75,3.5,3.25,6.0,5.0,4.0,3.6,3.5,3.666666667,2.333333333,2.5,2.666666667,2.333333333,3.75,7.6875,4.166666667,4.75
nx7ooaad-2023-07-03,nx7ooaad,03.07.23,27,3,3,2,4,5,5,4,2,5,5,5,5.666666667,5.0,5.5,2.25,6.2,4.666666667,3.666666667,3.1,2.5,4.0,2.333333333,1.0,2.0,3.0,4.5,8.625,4.0,5.25
oh1gr78n-2023-05-06,oh1gr78n,06.05.23,18,1,3,4,2,4,5,5,2,3,4,4,6.666666667,5.75,6.5,1.25,3.6,4.333333333,4.0,2.5,5.0,4.0,4.0,6.0,3.333333333,6.0,4.25,10.1875,2.666666667,1.75
ojdoychl-2023-05-01,ojdoychl,01.05.23,18,1,4,4,4,2,2,4,5,5,2,5,5.333333333,5.25,5.5,2.75,2.4,6.333333333,3.666666667,1.9,2.75,3.333333333,4.333333333,5.5,4.0,4.0,3.0,7.25,4.166666667,4.5
opkf84i3-2023-04-05,opkf84i3,05.04.23,14,1,5,5,2,1,4,5,3,4,1,4,6.0,5.0,4.25,3.5,5.2,6.333333333,4.666666667,3.8,5.25,4.666666667,6.0,5.5,5.333333333,4.0,3.75,9.8125,4.333333333,3.25
opkf84i3-2023-06-12,opkf84i3,12.06.23,24,2,5,4,2,1,1,5,2,5,2,4,5.0,5.0,5.0,2.25,6.2,6.333333333,5.333333333,4.8,5.5,5.0,6.0,6.5,6.0,5.0,5.0,10.0,4.0,2.75
opkf84i3-2023-07-03,opkf84i3,03.07.23,27,3,4,5,2,2,4,5,4,4,1,4,4.333333333,3.0,6.5,2.25,6.2,6.333333333,5.333333333,4.9,5.25,4.333333333,5.666666667,4.5,5.666666667,5.0,4.0,9.75,3.5,3.5
ow00k76e-2023-05-02,ow00k76e,02.05.23,18,1,2,5,2,2,4,5,4,3,2,3,5.333333333,4.5,6.0,1.0,3.4,3.333333333,4.0,2.3,2.0,2.333333333,2.0,2.0,2.0,2.333333333,3.0,9.1875,3.166666667,4.5
ow00k76e-2023-06-12,ow00k76e,12.06.23,24,2,2,5,1,2,4,5,3,4,2,2,5.0,2.0,6.75,1.25,2.8,4.0,6.0,3.1,5.5,5.333333333,2.333333333,5.0,5.0,5.0,2.0,8.0625,3.333333333,4.25
ow00k76e-2023-07-03,ow00k76e,03.07.23,27,3,2,5,2,1,1,5,3,4,3,2,5.0,3.0,6.75,1.25,3.2,3.0,6.333333333,2.2,4.0,5.0,4.666666667,4.0,4.0,2.333333333,3.5,7.5625,3.333333333,5.0
p2qbgx47-2023-04-01,p2qbgx47,01.04.23,13,1,1,5,2,4,4,3,3,5,3,3,4.333333333,4.75,3.5,2.5,5.2,4.666666667,4.333333333,3.1,4.75,2.833333333,1.333333333,4.5,5.333333333,3.666666667,3.0,9.0625,3.166666667,4.5
p2qbgx47-2023-06-12,p2qbgx47,12.06.23,24,2,1,4,3,3,3,3,4,4,3,4,3.666666667,2.5,4.0,1.75,4.8,4.0,3.0,2.1,3.0,4.0,1.666666667,2.0,2.666666667,4.333333333,3.75,9.125,3.166666667,4.0
p2qbgx47-2023-07-03,p2qbgx47,03.07.23,27,3,1,3,3,4,4,3,4,4,2,3,5.0,4.0,3.0,2.0,4.0,3.666666667,3.0,3.4,4.0,3.0,2.0,4.0,3.0,4.0,4.0,9.25,3.0,4.25
pgyp3xdw-2023-04-17,pgyp3xdw,17.04.23,16,1,2,5,4,2,5,5,3,4,4,2,4.666666667,3.5,6.0,1.5,4.2,2.0,6.0,4.3,3.0,5.0,2.666666667,3.5,4.0,3.0,3.0,7.4375,2.5,2.25
pgyp3xdw-2023-06-12,pgyp3xdw,12.06.23,24,2,2,5,4,2,5,5,2,5,4,1,3.0,2.0,4.0,3.0,4.2,1.333333333,6.0,4.0,2.75,6.0,1.333333333,3.0,3.333333333,2.0,3.75,7.125,2.333333333,3.25
pgyp3xdw-2023-07-03,pgyp3xdw,03.07.23,27,3,2,5,4,1,4,4,3,4,4,2,4.0,2.5,3.75,3.75,4.0,1.333333333,4.0,4.3,4.75,5.333333333,1.0,1.0,1.333333333,1.666666667,4.0,3.875,3.166666667,3.25
phb9jzh8-2023-04-25,phb9jzh8,25.04.23,17,1,1,5,2,2,4,2,2,3,2,4,5.333333333,5.5,5.25,1.25,4.6,4.666666667,3.666666667,3.2,4.0,2.666666667,4.666666667,6.0,5.0,5.0,4.25,9.375,3.5,4.5
pqbi624x-2023-04-12,pqbi624x,12.04.23,15,1,3,4,3,4,2,3,3,3,3,3,4.333333333,5.0,4.75,3.0,4.4,6.0,4.666666667,4.1,4.5,4.0,4.666666667,6.0,6.0,3.666666667,6.5,8.9375,4.0,4.75
pqbi624x-2023-06-12,pqbi624x,12.06.23,24,2,3,4,3,4,2,3,3,3,3,3,4.0,4.0,6.0,2.0,4.0,6.0,4.666666667,3.1,4.0,3.0,4.0,6.0,5.666666667,2.0,5.75,7.9375,4.166666667,4.5
pqbi624x-2023-07-03,pqbi624x,03.07.23,27,3,3,4,3,3,2,3,3,4,3,3,4.333333333,5.0,5.75,2.0,4.0,6.0,4.333333333,3.2,4.5,3.0,5.0,6.0,5.666666667,3.333333333,6.25,8.9375,3.833333333,4.0
qbqm9ovq-2023-04-30,qbqm9ovq,30.04.23,17,1,2,5,3,3,5,3,4,4,3,5,5.666666667,6.0,5.75,2.25,4.2,5.333333333,3.0,1.9,2.25,2.833333333,3.0,3.5,2.0,3.333333333,4.75,10.0625,3.666666667,3.75
qbqm9ovq-2023-06-12,qbqm9ovq,12.06.23,24,2,2,5,2,3,5,2,4,4,4,5,5.666666667,5.75,6.0,1.75,5.0,5.666666667,6.0,3.3,6.0,4.666666667,4.333333333,6.0,4.666666667,4.666666667,4.75,9.4375,3.5,4.5
qbqm9ovq-2023-07-03,qbqm9ovq,03.07.23,27,3,2,4,4,3,5,2,4,4,3,5,6.0,5.25,6.25,2.0,4.2,5.333333333,3.333333333,2.0,3.75,5.0,2.666666667,4.0,3.333333333,5.0,4.25,9.625,3.833333333,4.25
qdp6xzrk-2023-04-17,qdp6xzrk,17.04.23,16,1,3,2,5,3,1,3,2,3,2,3,6.0,4.0,4.25,3.0,2.4,3.666666667,5.333333333,3.2,3.5,4.166666667,3.0,3.5,4.333333333,5.0,2.75,8.0625,5.5,3.75
qdp6xzrk-2023-06-12,qdp6xzrk,12.06.23,24,2,3,2,5,4,1,3,3,5,1,2,5.0,4.0,7.0,1.0,1.2,3.666666667,4.666666667,1.5,2.25,4.666666667,2.666666667,3.0,3.333333333,4.666666667,2.75,8.875,5.0,3.75
qdp6xzrk-2023-07-03,qdp6xzrk,03.07.23,27,3,3,2,5,4,1,3,4,4,1,2,5.0,4.5,7.0,1.0,1.8,3.0,4.333333333,1.1,3.0,4.0,3.0,3.0,3.0,3.666666667,3.0,8.875,5.166666667,4.25
qfrfrual-2023-04-25,qfrfrual,25.04.23,17,1,2,4,3,2,2,4,3,3,2,3,5.0,4.25,5.0,2.5,2.6,5.333333333,4.0,4.2,5.0,4.5,3.333333333,5.0,4.333333333,4.333333333,4.75,8.1875,3.5,4.5
qgrd9dcv-2023-04-24,qgrd9dcv,24.04.23,17,1,4,4,2,2,2,3,2,4,3,4,6.0,5.75,6.5,1.25,4.4,5.666666667,4.666666667,4.1,5.5,5.333333333,4.333333333,7.0,6.666666667,5.333333333,6.0,9.25,3.833333333,5.5
qgrd9dcv-2023-06-12,qgrd9dcv,12.06.23,24,2,4,4,2,3,5,4,2,4,3,3,6.0,5.25,7.0,1.0,3.8,4.666666667,3.666666667,2.3,3.0,2.333333333,4.0,4.5,4.0,2.0,4.75,9.8125,3.333333333,5.5
qgrd9dcv-2023-07-03,qgrd9dcv,03.07.23,27,3,2,4,2,2,4,4,2,4,3,3,6.333333333,5.25,7.0,1.0,4.0,5.666666667,4.0,2.0,4.0,3.5,3.0,3.0,3.0,1.666666667,4.25,9.625,4.0,5.5
qhmh3olt-2023-05-15,qhmh3olt,15.05.23,20,1,2,4,3,3,2,5,4,3,4,5,4.666666667,4.75,6.75,1.75,3.4,4.0,4.666666667,3.8,3.5,4.5,5.0,6.0,6.0,5.666666667,4.75,9.125,4.0,3.25
qk5zjd3l-2023-05-08,qk5zjd3l,08.05.23,19,1,4,5,5,2,3,5,5,4,1,5,5.666666667,5.75,5.25,2.25,5.2,6.0,5.0,3.4,5.25,3.5,2.0,7.0,7.0,4.666666667,4.5,9.4375,2.833333333,5.5
qk5zjd3l-2023-07-03,qk5zjd3l,03.07.23,27,3,4,5,5,2,4,5,5,5,2,5,5.333333333,4.25,6.75,1.25,3.4,6.333333333,4.666666667,2.0,4.75,3.166666667,3.666666667,7.0,7.0,6.0,3.75,7.125,2.166666667,5.5
qtmuc7me-2023-04-25,qtmuc7me,25.04.23,17,1,2,5,2,1,5,3,3,4,4,5,6.0,5.25,5.5,3.25,4.8,7.0,5.666666667,3.1,2.25,5.333333333,5.666666667,6.0,5.666666667,5.666666667,6.0,8.4375,4.166666667,4.0
qtmuc7me-2023-06-12,qtmuc7me,12.06.23,24,2,2,4,2,2,4,4,4,4,4,4,5.0,4.25,6.75,1.0,4.2,6.0,3.333333333,2.5,1.25,4.333333333,2.333333333,2.5,2.0,2.333333333,5.75,9.4375,3.833333333,4.25
qvvlfw37-2023-05-01,qvvlfw37,01.05.23,18,1,1,3,1,1,3,2,2,5,3,4,6.333333333,4.75,6.0,1.5,2.0,2.666666667,5.0,2.7,4.0,3.0,3.333333333,5.0,4.0,4.0,3.75,8.4375,3.666666667,6.0
qvvlfw37-2023-05-03,qvvlfw37,03.05.23,18,1,2,3,1,1,5,3,2,5,3,4,7.0,4.75,6.25,1.75,2.0,2.0,4.333333333,2.3,4.5,3.333333333,3.666666667,5.5,4.0,4.0,2.5,8.0625,3.666666667,7.0
qvvlfw37-2023-07-03,qvvlfw37,03.07.23,27,3,3,5,1,2,3,2,2,5,3,4,5.333333333,2.5,5.5,1.75,2.4,4.0,4.666666667,1.8,5.0,3.5,3.333333333,6.0,4.0,4.333333333,1.0,8.5625,3.166666667,6.25
qyktwy02-2023-05-01,qyktwy02,01.05.23,18,1,2,2,1,1,1,1,4,5,3,4,3.666666667,2.0,3.5,2.0,5.6,5.666666667,2.333333333,1.9,1.0,2.833333333,4.666666667,7.0,6.333333333,4.666666667,5.0,9.9375,3.666666667,2.0
r93hhk9b-2023-04-23,r93hhk9b,23.04.23,16,1,2,5,1,4,2,4,5,4,2,5,6.0,4.0,5.5,1.25,2.2,6.333333333,4.666666667,3.0,5.75,3.5,2.666666667,5.5,5.0,3.0,4.5,9.625,3.833333333,3.5
r93hhk9b-2023-06-12,r93hhk9b,12.06.23,24,2,2,5,2,4,3,3,5,3,2,5,5.333333333,4.0,6.75,1.0,2.6,6.333333333,2.666666667,2.9,5.5,3.0,4.0,4.5,5.0,3.333333333,5.0,9.0625,3.5,3.0
r93hhk9b-2023-07-03,r93hhk9b,03.07.23,27,3,4,5,2,3,4,4,5,4,2,4,6.0,5.5,6.0,1.25,2.8,6.333333333,3.333333333,2.4,5.75,3.833333333,5.333333333,4.0,5.0,2.333333333,4.25,8.9375,3.333333333,3.5
rdv1jhai-2023-05-07,rdv1jhai,07.05.23,18,1,3,5,1,4,5,2,3,3,4,5,4.0,3.0,3.75,4.75,6.4,7.0,6.0,5.2,6.5,5.166666667,7.0,7.0,5.0,6.333333333,3.25,10.0,3.833333333,5.5
rdv1jhai-2023-06-12,rdv1jhai,12.06.23,24,2,3,5,3,2,5,2,5,1,2,5,4.666666667,3.5,7.0,2.0,2.8,7.0,3.0,2.9,2.0,3.333333333,3.333333333,6.0,7.0,4.0,4.25,10.125,4.0,5.5
rdv1jhai-2023-07-03,rdv1jhai,03.07.23,27,3,3,5,4,3,5,1,4,5,3,5,5.666666667,1.0,7.0,1.0,1.6,7.0,1.333333333,1.2,1.0,3.0,7.0,7.0,7.0,6.666666667,3.5,11.0,2.666666667,5.5
rgtnjz6k-2023-04-30,rgtnjz6k,30.04.23,17,1,2,5,5,1,3,5,5,4,3,4,6.666666667,5.75,3.5,2.25,4.8,2.666666667,5.0,3.5,3.25,3.5,3.333333333,2.5,1.333333333,3.666666667,4.0,7.3125,3.5,7.0
rgtnjz6k-2023-05-05,rgtnjz6k,05.05.23,18,1,3,5,3,2,2,4,4,4,5,5,5.666666667,5.5,3.75,3.0,5.6,3.0,5.666666667,4.0,3.75,3.833333333,3.0,1.0,1.333333333,2.666666667,3.75,7.6875,5.333333333,5.5
rgtnjz6k-2023-07-03,rgtnjz6k,03.07.23,27,3,2,4,2,2,2,2,2,4,2,2,6.333333333,6.0,6.25,2.0,4.0,4.0,3.333333333,3.7,5.0,4.0,4.0,4.0,4.0,4.0,4.5,6.375,4.166666667,6.0
ryab6ogb-2023-05-07,ryab6ogb,07.05.23,18,1,4,3,1,4,2,3,5,3,4,4,4.0,4.0,4.0,3.0,6.0,5.333333333,5.666666667,4.8,6.5,5.166666667,4.666666667,5.5,4.0,4.666666667,3.25,8.0,3.833333333,5.5
ryab6ogb-2023-07-03,ryab6ogb,03.07.23,27,3,3,4,2,3,5,4,5,3,3,5,7.0,6.0,7.0,1.0,3.0,4.0,6.0,1.9,1.0,4.666666667,4.0,4.0,2.666666667,1.0,5.0,8.4375,2.166666667,5.5
rzu5hcc6-2023-04-10,rzu5hcc6,10.04.23,15,1,5,3,5,3,5,5,2,4,5,3,4.666666667,4.5,6.0,1.5,4.8,5.333333333,4.0,2.5,3.75,3.5,3.333333333,6.0,4.666666667,4.333333333,3.5,7.4375,3.833333333,2.75
rzu5hcc6-2023-06-12,rzu5hcc6,12.06.23,24,2,5,4,5,3,1,5,4,5,5,4,4.0,4.75,6.25,1.75,6.4,5.333333333,3.0,1.7,1.5,1.333333333,1.333333333,3.0,1.0,4.0,4.0,8.4375,3.833333333,3.25
rzu5hcc6-2023-07-03,rzu5hcc6,03.07.23,27,3,4,4,5,3,5,5,4,4,5,4,5.333333333,5.75,5.25,1.5,6.0,5.333333333,4.0,2.6,2.75,3.333333333,3.0,4.0,2.333333333,3.333333333,3.25,7.625,3.833333333,3.25
s46wqsjv-2023-05-08,s46wqsjv,08.05.23,19,1,3,2,3,5,3,3,5,3,5,5,5.333333333,3.75,4.0,3.5,5.2,3.666666667,6.0,5.5,5.75,5.333333333,4.333333333,5.0,4.0,1.333333333,4.0,7.3125,3.5,3.5
s7mawzbz-2023-04-24,s7mawzbz,24.04.23,17,1,4,3,1,3,1,4,3,4,3,5,4.666666667,4.0,2.75,3.25,4.8,5.666666667,5.0,4.0,4.5,3.0,4.666666667,6.0,4.333333333,4.666666667,2.75,7.625,4.0,3.25
s7mawzbz-2023-06-12,s7mawzbz,12.06.23,24,2,3,3,2,3,2,4,3,3,3,4,4.666666667,3.0,6.5,1.5,4.2,5.333333333,3.666666667,3.6,4.0,2.333333333,3.666666667,3.0,3.333333333,1.666666667,3.0,8.125,3.666666667,3.0
s7mawzbz-2023-07-03,s7mawzbz,03.07.23,27,3,3,4,4,3,2,5,3,4,2,4,4.333333333,3.5,6.25,1.5,4.0,4.333333333,3.333333333,2.5,2.5,1.5,2.333333333,2.5,2.333333333,1.333333333,3.0,8.125,3.666666667,3.25
sfk8e56f-2023-04-24,sfk8e56f,24.04.23,17,1,3,2,5,2,1,2,5,5,1,3,5.333333333,4.5,5.5,2.5,3.0,3.666666667,5.666666667,2.5,4.5,3.666666667,4.333333333,4.0,4.333333333,3.0,1.75,9.0,2.5,4.0
sfk8e56f-2023-06-12,sfk8e56f,12.06.23,24,2,3,5,5,3,1,3,4,5,2,3,5.333333333,3.75,6.75,1.5,3.6,3.333333333,5.0,2.5,4.5,4.5,1.0,2.0,1.0,3.333333333,1.75,8.5,3.0,5.25
sfk8e56f-2023-07-03,sfk8e56f,03.07.23,27,3,3,2,5,3,2,4,4,5,3,4,4.666666667,2.75,6.25,1.5,3.8,2.666666667,5.333333333,3.9,5.5,4.5,2.0,3.0,2.666666667,4.0,3.0,8.9375,2.666666667,4.0
siqk35qr-2023-05-08,siqk35qr,08.05.23,19,1,3,5,3,3,1,4,2,4,5,5,4.0,4.0,4.5,2.5,5.6,5.333333333,6.666666667,4.2,5.5,5.5,4.333333333,4.0,4.666666667,4.666666667,4.75,4.8125,3.833333333,4.5
sj50i3db-2023-04-23,sj50i3db,23.04.23,16,1,2,2,2,3,1,2,2,5,4,4,4.666666667,3.25,4.0,4.0,5.4,3.666666667,5.0,3.7,4.25,5.833333333,6.0,6.5,5.0,2.666666667,5.25,7.0625,4.333333333,4.75
sj50i3db-2023-06-12,sj50i3db,12.06.23,24,2,4,2,2,2,2,4,2,4,4,4,5.0,4.0,7.0,1.0,4.2,4.0,5.0,4.2,5.0,5.0,5.0,5.0,5.0,5.0,5.0,8.6875,3.0,4.0
sj50i3db-2023-07-03,sj50i3db,03.07.23,27,3,2,5,1,2,1,4,2,4,4,4,6.0,6.0,7.0,1.0,5.0,5.0,3.0,1.8,1.25,2.833333333,4.666666667,4.0,4.0,1.0,4.75,6.375,3.666666667,4.25
svfdj7le-2023-04-17,svfdj7le,17.04.23,16,1,3,4,2,4,2,5,3,5,2,5,5.333333333,4.5,3.5,2.25,4.4,6.0,6.666666667,5.0,5.75,5.5,6.333333333,7.0,4.666666667,3.666666667,3.75,6.75,3.0,3.75
svfdj7le-2023-07-03,svfdj7le,03.07.23,27,3,2,5,2,4,3,5,4,5,3,4,5.666666667,3.75,3.0,1.75,5.8,4.666666667,5.0,5.8,5.5,5.333333333,5.333333333,5.5,5.0,5.666666667,4.75,7.5,4.166666667,2.25
t6s0c31z-2023-04-07,t6s0c31z,07.04.23,14,1,3,3,3,4,2,4,3,2,2,2,5.0,4.75,5.25,1.5,4.0,4.666666667,5.666666667,2.7,5.0,4.333333333,3.666666667,6.0,5.666666667,4.666666667,4.25,7.8125,3.666666667,3.25
tivlxp3y-2023-05-15,tivlxp3y,15.05.23,20,1,5,4,2,2,3,4,4,4,1,4,5.0,4.5,5.5,2.25,2.4,5.333333333,4.0,2.6,3.0,3.333333333,3.333333333,4.0,4.333333333,3.0,3.5,9.625,3.833333333,3.0
tivlxp3y-2023-06-12,tivlxp3y,12.06.23,24,2,5,4,2,1,4,4,3,4,1,4,5.333333333,2.0,6.75,1.25,1.4,5.0,2.666666667,1.7,3.75,2.166666667,2.0,3.0,2.666666667,2.333333333,2.75,9.1875,3.0,3.0
tivlxp3y-2023-07-03,tivlxp3y,03.07.23,27,3,5,4,3,1,2,4,4,4,1,4,5.666666667,3.0,6.75,1.0,1.4,5.666666667,2.0,1.4,2.0,1.5,2.0,3.0,2.0,1.333333333,3.0,9.4375,2.666666667,2.75
tjgkdcal-2023-05-01,tjgkdcal,01.05.23,18,1,2,3,2,4,3,3,4,3,3,3,4.333333333,3.25,4.25,2.75,4.2,4.333333333,5.666666667,2.7,4.0,3.833333333,3.666666667,5.0,4.0,3.0,4.25,7.75,3.833333333,6.0
tjgkdcal-2023-06-12,tjgkdcal,12.06.23,24,2,1,3,2,4,3,2,3,4,3,3,4.0,2.0,7.0,1.0,4.6,4.666666667,3.0,1.2,2.0,1.166666667,2.333333333,4.0,3.0,1.0,3.0,8.25,3.666666667,5.75
tjgkdcal-2023-07-03,tjgkdcal,03.07.23,27,3,2,4,2,3,3,3,4,4,3,4,4.0,1.75,7.0,1.0,3.6,5.333333333,1.666666667,1.2,1.0,1.333333333,2.0,2.0,1.0,1.0,2.0,9.1875,3.666666667,6.0
u0fyjx2x-2023-05-01,u0fyjx2x,01.05.23,18,1,2,3,5,2,4,3,3,2,1,4,5.333333333,5.0,6.25,1.5,3.6,4.0,5.666666667,3.0,5.75,4.0,2.0,5.0,4.666666667,2.333333333,4.25,10.4375,4.5,4.0
u0fyjx2x-2023-06-12,u0fyjx2x,12.06.23,24,2,3,3,5,2,4,3,4,3,1,4,5.333333333,5.25,7.0,1.0,3.6,4.333333333,5.666666667,2.3,4.25,5.166666667,4.333333333,6.5,5.333333333,2.333333333,4.25,10.625,4.5,4.25
u0fyjx2x-2023-07-03,u0fyjx2x,03.07.23,27,3,3,2,5,1,2,3,5,5,2,3,7.0,6.25,7.0,1.0,4.2,7.0,2.0,1.4,2.25,3.166666667,6.0,6.0,5.333333333,3.0,4.75,10.1875,4.333333333,4.25
u4x8dwkv-2023-04-24,u4x8dwkv,24.04.23,17,1,2,5,1,2,2,5,4,4,5,5,6.0,5.0,4.0,3.0,4.8,4.333333333,5.333333333,4.5,6.75,3.0,3.333333333,4.0,3.0,6.666666667,3.5,8.25,3.333333333,4.75
u4x8dwkv-2023-07-03,u4x8dwkv,03.07.23,27,3,3,4,2,3,2,4,3,4,4,4,5.0,1.75,4.0,3.25,5.6,2.666666667,7.0,4.9,5.0,1.833333333,1.0,1.0,1.0,4.666666667,2.75,8.625,3.833333333,3.0
u7ex9vw3-2023-05-07,u7ex9vw3,07.05.23,18,1,4,5,2,3,1,5,4,3,3,4,3.333333333,3.5,5.25,2.25,3.6,2.333333333,6.0,4.2,5.5,7.0,1.0,3.5,1.0,2.0,5.5,4.75,2.833333333,4.75
ufh3d5vq-2023-05-03,ufh3d5vq,03.05.23,18,1,4,4,2,4,2,4,3,4,3,2,4.666666667,4.5,5.0,1.5,3.8,4.333333333,4.0,2.6,4.5,3.5,4.333333333,6.0,4.666666667,3.666666667,3.0,8.0,4.0,4.0
ufh3d5vq-2023-06-12,ufh3d5vq,12.06.23,24,2,4,4,2,2,3,4,3,3,2,3,4.333333333,2.5,6.0,1.25,3.2,3.0,4.0,3.0,3.75,4.333333333,3.333333333,2.5,2.333333333,3.666666667,3.5,7.0,4.0,4.0
ufh3d5vq-2023-07-03,ufh3d5vq,03.07.23,27,3,3,4,2,2,2,4,4,3,1,3,5.666666667,4.25,5.5,1.5,3.4,4.666666667,3.666666667,2.3,3.75,4.833333333,3.333333333,2.5,3.0,5.333333333,4.5,8.0625,4.333333333,4.25
ujv36h29-2023-04-25,ujv36h29,25.04.23,17,1,4,2,4,1,2,4,4,4,2,4,5.666666667,5.0,6.5,1.0,4.0,5.333333333,4.333333333,3.9,4.25,4.0,4.666666667,5.5,5.0,5.0,4.25,8.8125,4.666666667,4.0
ujv36h29-2023-07-03,ujv36h29,03.07.23,27,3,2,2,4,2,2,4,4,4,2,4,5.0,3.5,7.0,1.0,3.8,5.0,4.666666667,3.2,5.0,3.833333333,1.666666667,5.0,3.333333333,4.333333333,2.25,8.4375,4.666666667,3.5
umdvb0yp-2023-05-01,umdvb0yp,01.05.23,18,1,3,5,4,3,2,4,3,2,4,3,4.0,3.75,5.75,2.5,3.4,3.333333333,5.0,3.4,3.0,3.833333333,2.666666667,2.5,2.0,3.666666667,4.25,7.4375,3.833333333,3.25
unij87sd-2023-04-26,unij87sd,26.04.23,17,1,3,5,3,2,2,4,5,3,2,4,5.0,4.75,6.5,1.25,3.4,5.666666667,4.0,2.8,3.0,4.333333333,3.666666667,2.0,2.333333333,4.333333333,4.0,7.375,3.0,2.25
v0vrur7x-2023-04-17,v0vrur7x,17.04.23,16,1,3,3,4,3,3,3,5,4,2,3,5.0,4.0,3.75,3.25,2.0,4.666666667,4.333333333,1.8,2.25,3.333333333,4.333333333,6.0,4.0,3.666666667,4.75,8.875,2.5,4.25
v0vrur7x-2023-06-12,v0vrur7x,12.06.23,24,2,2,4,4,2,3,3,4,5,3,3,4.0,4.0,7.0,1.0,2.4,5.666666667,2.666666667,1.6,2.0,2.166666667,4.0,5.0,5.0,4.333333333,3.0,9.5625,2.5,3.25
v0vrur7x-2023-07-03,v0vrur7x,03.07.23,27,3,2,4,4,2,4,2,5,4,2,2,6.0,6.0,7.0,1.0,2.0,5.666666667,1.0,1.0,1.0,2.666666667,5.0,5.0,5.0,6.0,5.0,10.6875,2.0,4.0
v9c94oi2-2023-04-17,v9c94oi2,17.04.23,16,1,1,4,2,4,2,2,3,5,5,3,5.0,4.75,5.0,2.25,4.8,5.666666667,4.0,3.0,5.0,4.333333333,2.666666667,5.0,5.0,5.0,4.5,7.4375,3.5,3.0
v9c94oi2-2023-06-12,v9c94oi2,12.06.23,24,2,1,4,2,3,2,3,4,4,4,4,4.0,3.25,6.25,1.75,4.0,5.333333333,4.666666667,3.7,3.0,4.0,2.0,3.0,2.666666667,3.333333333,3.0,7.5625,3.333333333,3.0
v9c94oi2-2023-07-03,v9c94oi2,03.07.23,27,3,1,4,2,4,2,3,4,4,4,4,4.333333333,3.75,6.25,1.75,3.8,4.666666667,4.0,2.6,5.0,4.0,2.0,3.0,3.0,4.0,3.0,5.4375,3.5,3.5
vkrlmx68-2023-05-01,vkrlmx68,01.05.23,18,1,4,4,3,2,4,4,4,4,2,4,6.0,5.75,5.25,2.5,3.2,1.666666667,3.0,2.0,3.0,2.0,2.0,2.0,2.0,4.333333333,5.0,8.625,3.666666667,5.5
vkrlmx68-2023-06-12,vkrlmx68,12.06.23,24,2,4,4,3,2,4,4,4,3,2,4,6.0,6.0,7.0,1.0,2.6,1.0,1.0,1.0,1.0,1.0,1.0,1.0,1.0,1.0,2.25,8.0625,3.333333333,5.5
vkrlmx68-2023-07-03,vkrlmx68,03.07.23,27,3,4,2,3,2,4,4,4,3,2,4,6.0,5.5,6.75,1.5,3.4,1.666666667,1.333333333,1.0,1.25,1.0,1.0,1.0,1.0,1.0,1.5,8.1875,3.5,5.5
wesjblfw-2023-05-01,wesjblfw,01.05.23,18,1,2,3,1,3,3,2,4,3,3,5,3.666666667,4.0,3.0,4.0,3.4,6.0,3.666666667,2.4,4.0,3.333333333,4.0,5.0,6.666666667,4.0,4.75,8.3125,3.666666667,2.5
wl27x8vd-2023-04-17,wl27x8vd,17.04.23,16,1,4,4,3,3,2,4,4,4,3,4,5.0,4.75,5.5,1.25,3.6,3.333333333,5.666666667,3.0,6.0,4.166666667,3.333333333,4.0,5.0,3.0,4.0,8.375,4.0,3.75
wl27x8vd-2023-06-12,wl27x8vd,12.06.23,24,2,3,4,2,3,3,4,4,3,2,3,4.333333333,4.25,6.25,1.25,3.4,3.333333333,5.666666667,4.7,6.0,4.666666667,4.0,5.0,5.0,4.666666667,4.75,8.6875,4.166666667,3.25
wl27x8vd-2023-07-03,wl27x8vd,03.07.23,27,3,4,3,3,2,3,4,4,4,2,4,5.333333333,5.0,6.5,1.0,2.8,3.666666667,4.666666667,2.2,3.0,5.0,4.0,5.0,5.0,4.666666667,5.0,7.9375,3.5,3.5
wq1zl4vu-2023-05-10,wq1zl4vu,10.05.23,19,1,4,4,4,1,1,5,4,4,4,4,6.666666667,6.0,6.5,1.75,5.4,4.333333333,6.333333333,3.0,4.0,5.5,4.666666667,4.0,3.0,1.0,5.0,9.1875,3.0,3.0
wq1zl4vu-2023-06-12,wq1zl4vu,12.06.23,24,2,4,4,4,2,2,5,4,4,4,4,6.0,4.75,7.0,1.5,4.4,4.0,5.666666667,2.6,2.75,3.333333333,3.0,5.0,4.0,2.333333333,2.25,7.3125,3.5,3.75
wq1zl4vu-2023-07-03,wq1zl4vu,03.07.23,27,3,4,4,4,3,2,4,3,4,4,4,5.333333333,4.75,7.0,1.0,4.2,1.0,2.666666667,1.9,1.0,1.0,1.0,1.0,1.0,1.666666667,1.25,9.0,3.833333333,4.0
wyrqce33-2023-04-24,wyrqce33,24.04.23,17,1,3,1,4,3,2,4,5,5,4,2,5.0,4.75,6.75,1.0,4.0,3.0,5.666666667,4.2,3.5,4.5,2.666666667,4.0,3.0,3.333333333,4.0,7.375,4.333333333,3.5
wyrqce33-2023-04-27,wyrqce33,27.04.23,17,1,2,5,1,2,1,4,4,3,4,4,5.333333333,4.5,3.75,1.75,5.6,6.0,5.666666667,4.3,3.5,4.5,6.0,6.0,5.666666667,4.666666667,6.0,9.875,3.0,2.5
wyrqce33-2023-06-12,wyrqce33,12.06.23,24,2,3,5,1,2,1,4,4,4,5,5,5.666666667,3.75,6.5,1.25,6.2,6.333333333,5.333333333,2.8,3.25,5.0,5.0,5.0,5.0,4.666666667,4.75,8.5625,4.166666667,2.25
wyrqce33-2023-07-03,wyrqce33,03.07.23,27,3,3,5,1,2,1,4,4,4,5,5,6.0,5.5,6.0,1.25,6.8,6.666666667,5.0,2.1,2.0,5.0,5.333333333,6.0,6.0,4.666666667,5.75,9.6875,3.333333333,2.75
x2seqlre-2023-04-10,x2seqlre,10.04.23,15,1,3,4,2,5,4,3,3,2,4,3,4.333333333,3.25,2.75,3.25,5.6,5.0,3.333333333,3.2,4.0,4.333333333,2.333333333,3.5,4.0,4.333333333,4.25,8.75,3.666666667,3.75
x2seqlre-2023-07-03,x2seqlre,03.07.23,27,3,2,4,1,4,4,2,3,3,4,4,4.0,4.0,4.0,3.5,5.8,5.0,2.333333333,1.7,2.0,3.0,2.333333333,3.0,2.0,5.0,4.0,10.0625,3.5,4.75
xfsorex2-2023-05-01,xfsorex2,01.05.23,18,1,4,2,4,4,1,4,4,4,4,5,6.0,5.5,5.75,1.25,3.2,5.0,5.333333333,3.8,5.25,3.0,4.666666667,7.0,6.0,3.333333333,4.0,8.8125,4.333333333,5.25
xfsorex2-2023-06-12,xfsorex2,12.06.23,24,2,2,3,2,4,1,5,2,4,4,5,6.0,6.0,6.5,1.25,4.0,5.0,5.333333333,2.5,4.75,4.833333333,3.333333333,5.0,2.0,3.666666667,4.5,7.6875,5.0,4.25
xfsorex2-2023-07-03,xfsorex2,03.07.23,27,3,2,2,3,4,1,4,3,4,5,5,6.333333333,5.75,6.75,1.25,3.6,6.0,1.666666667,1.7,2.0,3.0,1.666666667,2.0,2.666666667,5.333333333,4.25,9.5,4.833333333,4.0
xnn9meoc-2023-04-07,xnn9meoc,07.04.23,14,1,1,4,2,3,1,2,3,3,4,4,5.333333333,5.0,5.25,2.25,5.4,3.333333333,5.0,3.1,5.25,3.333333333,2.0,4.5,4.0,3.333333333,4.5,8.375,4.666666667,3.5
xnn9meoc-2023-06-12,xnn9meoc,12.06.23,24,2,2,4,2,4,1,2,4,4,3,2,4.0,4.0,5.0,2.0,3.4,2.666666667,5.333333333,3.3,6.0,4.5,2.0,4.5,3.666666667,3.0,5.25,8.125,4.333333333,3.75
xnn9meoc-2023-07-03,xnn9meoc,03.07.23,27,3,4,4,3,4,1,3,4,4,3,3,4.666666667,5.5,5.75,1.5,3.4,3.333333333,4.333333333,2.6,4.0,4.666666667,2.333333333,4.0,4.0,4.0,5.5,8.9375,4.0,3.75
xrlbemmt-2023-04-12,xrlbemmt,12.04.23,15,1,2,4,2,4,2,3,4,3,4,4,4.0,4.0,3.75,3.5,5.8,5.666666667,5.0,4.4,6.25,4.166666667,3.333333333,5.5,5.666666667,5.666666667,1.75,8.0625,4.166666667,3.5
xrlbemmt-2023-06-12,xrlbemmt,12.06.23,24,2,3,4,2,4,3,3,3,4,4,3,3.666666667,3.25,4.25,2.5,4.8,4.0,4.666666667,3.5,6.0,4.333333333,3.333333333,5.0,3.666666667,5.0,3.0,7.75,4.333333333,3.25
xrlbemmt-2023-07-03,xrlbemmt,03.07.23,27,3,2,4,2,4,3,2,4,3,4,3,4.666666667,3.5,4.0,3.0,5.0,4.0,5.0,4.0,5.0,4.0,3.666666667,5.0,4.333333333,5.333333333,2.5,6.875,4.333333333,3.25
yitz6az1-2023-04-17,yitz6az1,17.04.23,16,1,3,3,2,4,5,5,3,4,3,5,5.0,5.5,5.0,1.75,5.2,4.666666667,6.0,4.0,4.25,5.0,2.666666667,3.0,3.666666667,5.0,4.0,8.5,3.333333333,2.5
yitz6az1-2023-06-12,yitz6az1,12.06.23,24,2,3,4,2,4,1,4,3,3,3,4,5.0,4.25,5.0,3.0,4.2,4.666666667,5.0,3.3,3.5,4.166666667,5.333333333,5.0,3.333333333,4.666666667,5.25,8.0625,3.5,2.75
yitz6az1-2023-07-03,yitz6az1,03.07.23,27,3,3,4,2,5,2,3,2,4,4,4,4.0,4.75,4.75,2.5,5.4,2.666666667,5.0,2.9,3.0,3.333333333,5.333333333,5.0,4.333333333,2.333333333,4.25,7.1875,3.833333333,2.5
yoxk9egi-2023-05-07,yoxk9egi,07.05.23,18,1,5,4,5,4,3,2,5,1,3,3,4.0,4.5,3.75,2.5,6.4,7.0,6.0,1.4,3.0,2.833333333,4.333333333,5.0,3.666666667,5.0,3.25,10.9375,3.166666667,4.25
yoxk9egi-2023-06-12,yoxk9egi,12.06.23,24,2,4,3,5,3,2,4,2,5,3,4,2.666666667,2.25,4.25,3.75,5.2,7.0,1.666666667,1.2,1.0,1.0,1.0,1.0,1.333333333,2.666666667,1.0,9.4375,4.0,4.25
zqa8hh1u-2023-04-24,zqa8hh1u,24.04.23,17,1,2,2,3,1,2,2,3,5,3,3,6.0,4.75,6.0,2.75,3.2,6.333333333,6.0,4.0,5.0,4.333333333,4.333333333,5.0,4.666666667,3.666666667,5.75,10.75,4.166666667,5.75
zqa8hh1u-2023-06-12,zqa8hh1u,12.06.23,24,2,2,3,4,2,3,2,4,5,3,4,5.0,5.5,6.0,1.0,4.4,6.666666667,5.0,2.8,5.5,4.833333333,5.0,5.0,5.0,4.666666667,5.25,10.75,3.833333333,4.25
zqa8hh1u-2023-07-03,zqa8hh1u,03.07.23,27,3,2,3,4,2,3,2,3,4,4,3,6.0,6.0,6.0,1.0,3.2,6.0,3.666666667,1.2,5.0,4.5,5.0,4.0,4.0,2.666666667,5.5,11.0,3.166666667,3.75
zqture38-2023-05-01,zqture38,01.05.23,18,1,2,3,2,3,4,2,4,4,4,4,4.0,3.75,4.75,1.75,3.4,5.0,7.0,4.0,6.0,4.166666667,4.333333333,7.0,7.0,3.666666667,4.0,10.5,3.666666667,2.75
zqture38-2023-06-12,zqture38,12.06.23,24,2,2,4,1,2,5,4,4,5,4,5,4.333333333,4.5,5.5,1.5,3.2,3.333333333,6.0,4.1,6.25,4.666666667,3.0,5.0,3.0,4.0,5.25,9.75,3.166666667,3.5
zuejamns-2023-04-19,zuejamns,19.04.23,16,1,1,5,2,2,1,2,4,3,4,2,5.333333333,4.0,3.75,2.75,5.0,3.666666667,6.0,4.7,5.0,4.666666667,4.0,5.5,4.0,4.0,3.75,9.4375,2.666666667,3.75
zuejamns-2023-06-12,zuejamns,12.06.23,24,2,1,5,1,2,1,3,5,4,3,3,5.0,4.25,5.25,2.25,4.0,3.333333333,4.666666667,3.5,4.5,3.0,2.333333333,4.0,3.333333333,3.333333333,3.0,8.4375,3.666666667,5.75
zuejamns-2023-07-03,zuejamns,03.07.23,27,3,1,5,2,2,1,3,4,4,3,4,4.666666667,4.25,5.0,2.75,3.4,3.666666667,4.333333333,2.7,5.25,3.833333333,2.666666667,5.0,3.0,4.0,3.0,9.3125,3.666666667,4.5
